window,cut,gain_nats,low_days,high_days,low_mean_z,high_mean_z,low_variance_z,high_variance_z
10,0.26701938291139243,55.575857770646934,380,2148,-0.03403003314268672,0.00602021070494457,0.43689965402807796,1.0993762687344684
10,0.27498417721518986,50.8990296373249,405,2123,-0.018826338193342604,0.0035914587698086297,0.4693175587325686,1.1011565993769683
10,0.2791910601265823,57.17748301062606,430,2098,-0.01919549284371896,0.003934252584746954,0.45908508073277826,1.1107733560218687
10,0.2871835443037975,62.592433396686374,456,2072,-0.008884335473173658,0.001955239853169472,0.45370117844895,1.1202067320087472
10,0.29254944620253165,62.68678759560375,481,2047,-0.0023321738939874395,0.0005480095959980009,0.46589153194838423,1.125502170109009
10,0.2976661392405063,57.89686513288443,506,2022,-0.00866288647540635,0.0021678637767337146,0.49402352538091754,1.1265957568862308
10,0.3025454905063291,62.3698099050867,531,1997,-0.006806318656608927,0.0018097922917673,0.490196461595387,1.1355405803358063
10,0.3087302215189874,70.78916455845487,556,1972,-0.004875179075930675,0.0013745433905767949,0.47518806199557195,1.1479606982938417
10,0.31471716772151903,69.01633015520693,582,1946,-0.005740829980115331,0.001716938873806309,0.4913336180074013,1.1521166067307165
10,0.3207990506329114,73.5124514901294,607,1921,-0.01355008341968637,0.004281572428812905,0.48872609420702984,1.1614766253091147
10,0.3274821993670886,77.03073904708015,632,1896,-0.011610335065505526,0.0038701116885018253,0.4889264106105558,1.1702979520718895
10,0.33367484177215184,74.58794763041348,658,1870,-0.020586257879693343,0.007243720687079244,0.5055775724602084,1.173771646617724
10,0.33781645569620256,77.40977515294216,684,1844,-0.020153727753134124,0.007475677756585522,0.5075423853654082,1.1824621111261882
10,0.3456408227848101,80.20305606588411,708,1820,-0.022638674766291767,0.008806693260733267,0.5090052184200928,1.1907254358709496
10,0.35103441455696205,80.05373660243086,733,1795,-0.01747164334427294,0.007134659928329827,0.5177418122181172,1.1967577302180794
10,0.357001582278481,85.14489253571602,760,1768,-0.026586625573134064,0.011428639952252184,0.5148495361868131,1.2081143791282674
10,0.3628837025316456,88.95201781824125,784,1744,-0.02892071878504226,0.013001057068505215,0.5140406618120839,1.2179137576566688
10,0.3717642405063291,95.93928174630409,809,1719,-0.02660058694653739,0.012518833530976558,0.5066165120568485,1.2317076187978655
10,0.37874011075949365,101.63545998586017,834,1694,-0.026147633595298387,0.012873156091191745,0.5027170168815113,1.2443229496028207
10,0.3845648734177215,99.9875368290746,860,1668,-0.021902541145129413,0.011292677089215388,0.5139099399683553,1.2502471105171842
10,0.3929390822784809,103.66700515068348,885,1643,-0.020655225447667964,0.011125912672663489,0.5140803873609571,1.261386428465352
10,0.399754746835443,108.65292262079544,910,1618,-0.021460833345798482,0.012070060781629536,0.5119863848701353,1.2740652366632543
10,0.40624604430379746,106.41688825957408,935,1593,-0.027086053843658527,0.0158979663175271,0.5238020776633004,1.2788176191379816
10,0.4104034810126582,102.88719933182117,962,1566,-0.030912800679065485,0.018989855844994224,0.5384697308264594,1.2825722273586802
10,0.41703520569620256,107.1954092411259,986,1542,-0.02618445025481083,0.016743105026746714,0.5366625167974346,1.2955528278106365
10,0.42345727848101267,113.13447283199139,1012,1516,-0.026085167147410947,0.01741305353112127,0.5330117417811587,1.3109787882982649
10,0.4291930379746835,116.86079267508333,1037,1491,-0.0244264673725921,0.016988763692406424,0.5331922753504384,1.3239641532146318
10,0.4345332278481012,117.2322341244111,1062,1466,-0.029161930997272704,0.02112549162285374,0.539540247066167,1.3325039956409597
10,0.44007120253164556,114.80597630035993,1088,1440,-0.029625065025380183,0.022383382463620562,0.5505513515598004,1.3384192982944436
10,0.44514240506329106,118.6762684504946,1112,1416,-0.027074797960377643,0.02126212947170898,0.5500155943991711,1.3523498380500827
10,0.44936708860759494,114.44342852689704,1139,1389,-0.02538756891201942,0.0208181720596041,0.563861634684517,1.3566778203830772
10,0.45399920886075945,112.17529350898954,1163,1365,-0.025564098020692975,0.021780986079169163,0.5736687306363457,1.3622092654921432
10,0.45984968354430383,115.81762427242549,1189,1339,-0.02668603263215131,0.02369655922302306,0.573976865358128,1.3771044682055062
10,0.4653876582278481,121.01511155560286,1214,1314,-0.027696638319754635,0.025588827184309056,0.5716713569677334,1.394367821253069
10,0.471123417721519,120.76705632125561,1240,1288,-0.019875428289615225,0.019134729098697862,0.5778099812428941,1.4057097804444854
10,0.4764636075949367,122.773696965624,1265,1263,-0.016925822281259433,0.016952624850192523,0.5804437666390985,1.419646285173216
10,0.4815605221518987,123.89585602184351,1289,1239,-0.018937403025190536,0.019701624293358012,0.5844511794328952,1.4315570936073263
10,0.488132911392405,127.6847122255835,1315,1213,-0.0183108746085551,0.019850618392621547,0.5847559451658817,1.4494039976463169
10,0.4937935126582279,131.24095768022963,1340,1188,-0.018045355554987492,0.020354188925659267,0.5853120643911773,1.466964059692927
10,0.5021756329113924,131.6710843173918,1366,1162,-0.01927255650955675,0.02265603458868718,0.5907499441500373,1.4801478064647369
10,0.5074861550632912,132.05088876610688,1390,1138,-0.015187152065372075,0.018550212100937744,0.5954809009176933,1.493470428117202
10,0.5144382911392404,129.85829768255235,1417,1111,-0.019270133223893798,0.02457765866629836,0.6049158151251389,1.5028235750336725
10,0.5184711234177215,131.5660182384665,1441,1087,-0.022441508692308862,0.029749966904891477,0.6080679313978251,1.5180187044595763
10,0.5250514240506329,132.58911288990413,1466,1062,-0.0205880692386439,0.028420065446188268,0.6120766524802305,1.534102126719723
10,0.5309968354430379,131.54405783229438,1491,1037,-0.0237816316732183,0.03419326212610264,0.6192771254866457,1.5454215122291257
10,0.5359177215189873,133.44780288567452,1517,1011,-0.0274168003349198,0.041138759750814345,0.6226784772794197,1.5633486014374836
10,0.5408366297468354,131.93018394806916,1542,986,-0.029442702350982754,0.04604528095863628,0.6304082999202859,1.5745265702211304
10,0.549248417721519,132.00397248839124,1568,960,-0.030121389854652524,0.04919827009593244,0.6360239651089866,1.590591800267823
10,0.5567662183544304,128.72250654800854,1593,935,-0.03173281242216248,0.05406456704652919,0.6460387895746723,1.5984204480365796
10,0.5644778481012658,130.1928108399094,1618,910,-0.028592729545871443,0.05083850154419776,0.6490520537173019,1.6199549968678844
10,0.5744264240506328,133.7746177393394,1643,885,-0.027558910902380426,0.051163040240238426,0.6495592267037096,1.6465646513247767
10,0.5812539556962026,136.46046519848397,1668,860,-0.02450411913801296,0.04752659386302977,0.6511566503744538,1.673170471110339
10,0.5901898734177216,138.69281716704296,1697,831,-0.024152438181387327,0.04932212706836853,0.6545320160245762,1.701862442544298
10,0.5965189873417722,142.73607970488865,1720,808,-0.02539486494163365,0.054058375865853756,0.6546083204438748,1.7309446007512723
10,0.6032515822784812,143.216188495086,1744,784,-0.02557940681334892,0.0569011294419394,0.6592457434253843,1.7533111309960798
10,0.6089003164556963,141.79167100706482,1769,759,-0.02266518086807088,0.05282569822874487,0.66610153531041,1.774228721359234
10,0.6183425632911393,142.19546708475224,1795,733,-0.024776267661063087,0.06067312476344913,0.671443951772255,1.79939683700022
10,0.6271756329113924,136.24388712274052,1821,707,-0.027421915990109187,0.07062985716830099,0.6844954331853038,1.8057108494726102
10,0.6372053006329115,141.7653715993019,1845,683,-0.02569022926129555,0.06939747143058603,0.6828983285269433,1.8499935169182162
10,0.6477373417721518,143.4790122781089,1870,658,-0.023749402879564688,0.06749450362429474,0.6861474005942455,1.8857934540660988
10,0.6576344936708861,146.48589654525998,1896,632,-0.02149276492631036,0.06447829477893101,0.6882066406595496,1.9298368106912207
10,0.6647626582278481,153.21685626260523,1921,607,-0.022324569984500834,0.0706515633282143,0.6863913492938367,1.9859223890278281
10,0.6755498417721518,146.6280405033213,1946,582,-0.021185669917238723,0.07083730869234796,0.6991257157631005,1.9994974173918194
10,0.6831606012658229,152.56688197892421,1972,556,-0.02248863686760876,0.0797618559405116,0.6986677308972162,2.0605983301146815
10,0.6915189873417723,155.38032090833914,1997,531,-0.02329477844576332,0.08760766959734334,0.701513702274091,2.11283990770244
10,0.7042721518987343,140.70368649017928,2022,506,-0.02478958438588923,0.09906035499657707,0.7231606063523177,2.093994728776837
10,0.7151384493670887,138.36486702130392,2047,481,-0.021733133437053055,0.0924900709888723,0.7310181959541846,2.1341459926658053
10,0.7252768987341772,125.42291337156718,2074,454,-0.018765066922067166,0.08572411629155788,0.7510414975486666,2.128355387248101
10,0.7366772151898736,128.02649382751164,2098,430,-0.01690487349798949,0.08248005720646956,0.7533780955285095,2.1950882033258208
10,0.7440110759493673,132.97012626921963,2123,405,-0.018987445189888548,0.09953171885958853,0.7540683158622647,2.2773713997471017
20,0.2698081487341772,71.52555612726056,380,2148,-0.04035812666700818,0.007139705834945565,0.3826528738710608,1.1088749892847296
20,0.2778876582278481,76.7777372826467,407,2121,-0.028538951164001115,0.0054763569654636655,0.38310397051997774,1.1181902801427783
20,0.2874525316455696,76.32451020094737,430,2098,-0.014473633302772439,0.0029664739371744984,0.3973053058107175,1.123474822289372
20,0.2924960443037975,79.76824929195892,455,2073,-0.0073181868560257815,0.0016062590542651638,0.4012827915664697,1.1313973050845163
20,0.29870648734177213,78.76044855730859,481,2047,-0.008105885863740033,0.0019047049831260046,0.4175789608693504,1.1368370733843949
20,0.30613132911392404,82.34318053905645,506,2022,-0.016976657404005734,0.004248362337500927,0.420507426801722,1.1449262686027326
20,0.3125,85.11422282495778,533,1995,-0.007501917369587428,0.002004271658140383,0.4259824706680241,1.1533400162548268
20,0.3199683544303798,85.92346828775246,556,1972,-0.0034585867769784924,0.0009751390709939198,0.43435678711320413,1.1594772314525512
20,0.32512658227848096,87.98885381849269,582,1946,0.0036710383442800157,-0.0010979158871382401,0.4406133610123324,1.167293337517351
20,0.3309889240506329,90.10053774324604,607,1921,0.0012990102694410543,-0.00041046290137988127,0.44603571117633667,1.1750416321695363
20,0.33658030063291133,89.598278321784,632,1896,-0.007031923942523006,0.0023439746475076516,0.4573761685985102,1.180852633598571
20,0.34375,89.7246694706102,659,1869,-0.009372415967074285,0.0033046667321037513,0.4676156629883763,1.1876741461084168
20,0.3505320411392405,94.12330402554753,683,1845,-0.0007129736567214901,0.00026393550544213284,0.46651090902657855,1.1974919097117493
20,0.3575949367088608,98.08549427034262,709,1819,0.0038062438605195137,-0.001483577183676962,0.4673645669273712,1.2075999157752302
20,0.3648457278481013,90.7863521409214,733,1795,-0.004114362024894604,0.001680126665319066,0.4919683207670227,1.2074483262953866
20,0.3732199367088608,98.00422519773943,760,1768,-0.008333422401488471,0.0035822403988298715,0.48545235489742095,1.2211429545288268
20,0.3782377373417722,100.94375993991957,784,1744,-0.006754266668971713,0.0030363217135744185,0.48734113544539576,1.23043159705671
20,0.3852848101265823,99.20971366198555,811,1717,-0.003528218833386708,0.0016665028968413484,0.49969310040835013,1.2363040369641989
20,0.3912183544303798,104.4832921517177,835,1693,-0.005759005797348434,0.00284038383980266,0.49668910393482385,1.248212194760122
20,0.39659414556962025,106.06152689554187,860,1668,-0.011647954684407406,0.0060055401850062,0.5015027518435021,1.256912946104008
20,0.40218552215189873,98.80140395498574,885,1643,-0.005798983145405625,0.003123615388730344,0.5233562727746707,1.2567157071976467
20,0.408006329113924,99.54635875302438,910,1618,-0.005383443336628237,0.0030277709742470133,0.5291773999248643,1.2647758715014503
20,0.4111926424050633,103.38770460097348,935,1593,-0.006204817467189969,0.0036418734035295617,0.5288284033087135,1.276514951215702
20,0.41594145569620256,98.69078655520755,962,1566,-0.012524620074928224,0.007693923698646823,0.5457236626296839,1.2789081926532717
20,0.42158425632911395,102.64919359356227,986,1542,-0.010064559519534416,0.006435574375007072,0.5445397022858004,1.2911284772364817
20,0.42594936708860764,99.40615435619563,1011,1517,-0.0025705773448458386,0.0017131533919835862,0.5573736252277413,1.2949796520140393
20,0.42998417721518983,100.34812161087535,1037,1491,-0.008339674269559309,0.005800296591236054,0.5624615008230396,1.304228797956778
20,0.435126582278481,100.57344989352339,1063,1465,-0.015422981356669202,0.011190873161869848,0.5689453656326205,1.3124742334857242
20,0.4416969936708861,103.90848156275484,1087,1441,-0.01557443093562972,0.01174837364818145,0.5688339231350308,1.324923641005341
20,0.44677215189873415,108.27521865207208,1112,1416,-0.01973053858292256,0.015494603745910916,0.5674501885042486,1.3391402105354024
20,0.4517701740506329,111.22100856955112,1138,1390,-0.030116602357170973,0.024656614016158655,0.5694726883583638,1.3511243561096196
20,0.4566851265822785,110.14264370061173,1164,1364,-0.027946875463235633,0.02384909313724798,0.5775722292316477,1.3592529280579293
20,0.4614319620253165,111.63224738100072,1189,1339,-0.02042755565234622,0.01813918123274057,0.5805809342959405,1.3717345378574106
20,0.46617088607594936,112.86556886000085,1213,1315,-0.015428419862165014,0.014231690716962838,0.5839965078478544,1.3833134271492291
20,0.4715644778481013,111.50836123308846,1239,1289,-0.015331258993831847,0.014736563144575337,0.5923751563029943,1.3913700776827889
20,0.4775514240506329,115.24535050125621,1264,1264,-0.012097975021883815,0.01209797502188378,0.5919346925616843,1.4077725854390561
20,0.4817583069620253,116.09171920096486,1289,1239,-0.0137377162228202,0.014292103479592567,0.5964096989607612,1.4194766330434816
20,0.48813291139240506,116.58050505728337,1316,1212,-0.014090384149851965,0.015299460017495995,0.6018129004823144,1.4319053206975372
20,0.4925454905063292,117.57878472917096,1340,1188,-0.010477646905247915,0.01181822125676108,0.6055349559867425,1.4446718215018033
20,0.4983979430379748,120.87283602377246,1365,1163,-0.014026688293835845,0.016462966054244108,0.6062200048811796,1.461673194599392
20,0.5058148734177216,121.19166839641721,1390,1138,-0.01729459086321205,0.021124324516577076,0.6114783544758849,1.4737447420744176
20,0.5098892405063291,122.01923471594276,1417,1111,-0.016988489045402677,0.021667586838285825,0.6162004230653059,1.488670967438911
20,0.5164932753164556,126.72783136118201,1441,1087,-0.01933457677219159,0.025631209870035004,0.6147507268728797,1.5095597103661733
20,0.5224129746835442,130.12727868122772,1466,1062,-0.014020793628629761,0.01935450419921959,0.6151525926838153,1.5306029068911173
20,0.5300494462025316,133.12628392544912,1491,1037,-0.014677058538174645,0.021102694580924185,0.6165274254005256,1.550602336263337
20,0.5360363924050633,134.27350623990657,1517,1011,-0.016141630807679944,0.024220429213897592,0.6207471591285325,1.5680892381144835
20,0.5408366297468354,133.24971237687515,1542,986,-0.012262070699835467,0.019176585212115887,0.6274020700948624,1.5821009759174134
20,0.5508742088607594,131.03275114523598,1567,961,-0.009319363349571463,0.015196089873858957,0.6356842989941419,1.5936781409655438
20,0.5597329905063292,129.1316536839679,1593,935,-0.011802210025197591,0.02010793643865213,0.6439036164676558,1.6060551859229695
20,0.5641376582278481,126.54346869172602,1618,910,-0.013743627238152251,0.024436471287176173,0.6527889921859538,1.6164158160231799
20,0.5700158227848101,132.74654659578067,1644,884,-0.008998505061670022,0.016734776381657802,0.649853000745997,1.6507477153681922
20,0.5771004746835443,136.96877871277772,1668,860,-0.013386144692595334,0.025962894589824405,0.6497231654034349,1.678352524700285
20,0.5848852848101266,137.92306552534794,1694,834,-0.017963390791122927,0.036486791367100965,0.654358496129866,1.7000716899090254
20,0.5915189873417722,141.99010324980372,1719,809,-0.020510703368413367,0.04358207551335294,0.6548790826449749,1.7305353278158946
20,0.5968413765822785,141.86127148266104,1744,784,-0.017915702175094583,0.03985329667521036,0.660240861914451,1.7534884506915132
20,0.6016416139240507,146.67549111674418,1769,759,-0.01603068402734676,0.03736268780550249,0.6597676041319397,1.7909841424237813
20,0.6070688291139241,145.53859277143846,1795,733,-0.016821941152779112,0.04119424879841541,0.6668137284120909,1.8135300632265792
20,0.6159018987341772,142.1203303798202,1821,707,-0.014833851856640927,0.03820713469723211,0.6763419111103982,1.8316104853984794
20,0.6217780854430379,142.29128943492867,1845,683,-0.015716652884388553,0.042455672872176935,0.6813933624710887,1.858188009146444
20,0.6317207278481013,145.67698582650704,1870,658,-0.015126959754861584,0.042989992008497166,0.6828962532774279,1.8986930517525278
20,0.6423061708860759,149.78607088082296,1896,632,-0.008374021171971793,0.025122063515915314,0.6836537826452898,1.9481971612970688
20,0.6539794303797468,146.60834244312827,1921,607,-0.01180777827894055,0.03736860308705891,0.6928757197846425,1.9701322687299054
20,0.6619026898734177,147.40318858361252,1946,582,-0.008575251428016184,0.02867257608061763,0.6974011932235116,2.010714273414476
20,0.6698971518987342,145.79445285572984,1973,555,-0.005437690488384652,0.019330744745194403,0.7050901991358238,2.047912265547645
20,0.6776107594936709,141.08436702469373,1998,530,-0.00877925294355463,0.03309612713438135,0.7159490839522105,2.0694324460848463
20,0.6871439873417722,147.8234501485538,2022,506,-0.010399526890940923,0.041557002714392305,0.7141978076796895,2.1399199587053315
20,0.6953856803797469,152.30585887101446,2047,481,-0.011284694839237138,0.048024470552844846,0.71534343895451,2.20856954752754
20,0.7049050632911392,119.82835311855843,2074,454,-0.014114036708832782,0.06447689897383077,0.7568881341368896,2.10553624599491
20,0.7162242879746836,119.26313647783206,2098,430,-0.012708637811561667,0.06200633053175895,0.7627096943905971,2.153123155183114
20,0.735316455696203,117.02357734064438,2123,405,-0.011742886094959964,0.06155591896197525,0.7707231245187905,2.197351744810988
20,0.7461728639240504,111.37344297837802,2148,380,-0.00869918074305552,0.049173263779166386,0.7824401571611866,2.2269398609614686
60,0.27691851265822787,50.8394563358886,380,2148,-0.017441594064320883,0.0030855706445260312,0.45492699700084693,1.0963648468712777
60,0.2878955696202532,52.9150737046498,405,2123,-0.019936629451611378,0.003803266569902294,0.4613362997271294,1.102669389891136
60,0.30193631329113924,52.94945496720638,430,2098,-0.011603426184329812,0.0023782046040332627,0.4747343828205317,1.1076236674996343
60,0.31029667721518983,56.551132695012896,455,2073,-0.022624097301160467,0.004965732885686433,0.4746132757534974,1.1151794263415071
60,0.3176681170886076,55.26490426688403,481,2047,-0.03654477359143867,0.008587218415965788,0.49293477274945535,1.118761623118151
60,0.3252373417721519,58.41208316942529,506,2022,-0.029517146448893854,0.0073865856098616536,0.49301106658846033,1.126600008960046
60,0.33306962025316456,64.15011615846883,532,1996,-0.03163743955044852,0.008432423767955199,0.48581892380577024,1.136708372717411
60,0.3397824367088608,65.29067310473567,556,1972,-0.0438472195585147,0.012362603486072082,0.4935737684954264,1.1420905894528497
60,0.34754944620253164,63.21264189952299,582,1946,-0.04466381319799473,0.013357831079770248,0.5110327200707911,1.1454628584849893
60,0.35363132911392403,68.04032190790932,607,1921,-0.040084399008890964,0.01266591889557355,0.5058411782299974,1.155476795776377
60,0.36071004746835444,64.27284146952198,632,1896,-0.04982511514711226,0.016608371715704076,0.5277764313945791,1.1563045041576192
60,0.3647191455696203,69.62786297534416,658,1870,-0.048937945843344835,0.01721987613097373,0.5214511117311003,1.1672485611320242
60,0.3706803797468355,69.36655770859127,683,1845,-0.03793013382881293,0.014041344935002281,0.5301191060029423,1.173215318615771
60,0.37717563291139244,75.2211134906432,709,1819,-0.030295673266866368,0.011808483972626847,0.5226018664334289,1.1855804809680859
60,0.3807357594936709,72.60338437706503,734,1794,-0.02897252796718809,0.01185386595758976,0.5379041306242174,1.1885786849182958
60,0.3845134493670886,75.01729981261263,759,1769,-0.026365826045641732,0.011312414905959325,0.5395353939911627,1.1971388534421774
60,0.3900316455696203,80.81868667412866,785,1743,-0.029672969796172722,0.013363902059664692,0.533512067288632,1.2095183919773065
60,0.3937183544303797,83.98202575107186,809,1719,-0.025481503706823266,0.011992167829447349,0.5332388645146311,1.219218880883092
60,0.3981408227848101,78.27375756054204,835,1693,-0.02636811348314268,0.013004946697238104,0.5548436680805349,1.219042318801758
60,0.40249208860759494,80.87109992896328,861,1667,-0.02661843394844032,0.013748333311102034,0.5562707030465683,1.228629742091595
60,0.40910799050632907,82.54773606679186,885,1643,-0.03480670289044905,0.018748589201489575,0.5599104852744443,1.236049608614223
60,0.41588607594936705,74.89004344781864,910,1618,-0.03831201352642603,0.021547547780622775,0.5854666538059157,1.2318531553418783
60,0.4196973892405063,74.83458969831577,935,1593,-0.035343655106693114,0.02074470654410423,0.5920055148233344,1.2383059195427668
60,0.42514240506329115,64.9503372661897,961,1567,-0.04130444323292257,0.02533093168273042,0.624420643096881,1.2286450325901404
60,0.42979825949367095,65.00713528179062,986,1542,-0.03387831666318176,0.02166278873534188,0.6294786925194708,1.2357190097065367
60,0.43393987341772156,67.70071203638051,1012,1516,-0.030784859743933725,0.020550315343575785,0.6285285978308651,1.2469193592850831
60,0.4397033227848102,70.87374629815412,1037,1491,-0.032281342384879064,0.022451879311280728,0.6268590552196646,1.2582930408978132
60,0.44462025316455694,72.42340375580719,1063,1465,-0.026602479359775333,0.01930268638869703,0.6287371569613817,1.2685012122038146
60,0.44948773734177216,75.98902283144955,1087,1441,-0.025676976684928583,0.019369100386202175,0.6260524661329679,1.2812100582564958
60,0.45485759493670885,76.59372463663755,1112,1416,-0.0191264290725748,0.015020190062643466,0.6299617250557117,1.290082140766616
60,0.45965189873417717,80.35591235641138,1138,1390,-0.01860824635296985,0.015234664999769533,0.6276816802410105,1.3043032979539535
60,0.4649604430379747,85.69276035805399,1163,1365,-0.015548951154043774,0.013247934206705402,0.6221222815913715,1.3215758535114017
60,0.4698753955696202,87.01555969754776,1188,1340,-0.01837679920796388,0.01629226676049333,0.6252803189232466,1.3316493273432208
60,0.4744778481012658,91.20451751883968,1213,1315,-0.02216553816330519,0.020446234062425208,0.6229926055957448,1.34689298502583
60,0.4808603639240506,95.34843721294246,1239,1289,-0.02564248063060501,0.02464781497387088,0.6213212642913659,1.3627503327203703
60,0.4861550632911392,97.06213977140965,1264,1264,-0.02612641081339247,0.02612641081339245,0.6238143266411651,1.3748204946748552
60,0.4906131329113924,94.25599870293857,1289,1239,-0.018025437051440607,0.01875285581864964,0.633781660956848,1.3803074279060294
60,0.4960522151898734,90.63926612318602,1315,1213,-0.026381688590346775,0.02860009933743279,0.6466492958888937,1.3814911393986564
60,0.5016435917721519,83.99263894574574,1340,1188,-0.024894621960069096,0.028079792446542552,0.6642158944474109,1.3772588711223828
60,0.5076305379746835,88.97647152671524,1365,1163,-0.026434289318161042,0.031025627617618033,0.6601625106005161,1.397080703402256
60,0.5144382911392406,91.9159746366449,1391,1137,-0.025357079655852346,0.03102172190087121,0.6600912132507566,1.414093708282577
60,0.5201977848101266,85.75066678065272,1416,1112,-0.025094153061038783,0.031954425120891077,0.6762619376226533,1.4104190385794444
60,0.5267009493670887,88.77413383040337,1442,1086,-0.026003582203436338,0.034527776737896095,0.6760700828244253,1.4280268749362388
60,0.5314477848101266,90.07573332831052,1467,1061,-0.02265050705639372,0.03131790183951891,0.6783973077141525,1.4429763161487608
60,0.5367464398734175,93.27032216298946,1491,1037,-0.020918302769896664,0.03007636396327472,0.6775035364624011,1.4621521165032827
60,0.5443037974683544,99.51258822632286,1518,1010,-0.021685400066118455,0.03259251217858194,0.6726410973555164,1.4902416536270342
60,0.5478520569620253,102.34829780476235,1542,986,-0.026639654304801908,0.04166160947059282,0.6734410108012764,1.5078582741731874
60,0.5526107594936709,103.23990871622522,1568,960,-0.029562103352004564,0.048284768808274064,0.6776284878459141,1.5227813182936347
60,0.5595391613924051,103.36379333468938,1593,935,-0.02950294211190307,0.050265440410974915,0.6824512673821124,1.5370119376673872
60,0.5653797468354431,109.62571335832504,1618,910,-0.028463898400575675,0.050609436936408146,0.677922528123806,1.5686589666435404
60,0.5710443037974683,115.00849032960173,1643,885,-0.02632148150018745,0.048865756050630454,0.6749798498338402,1.59972490943918
60,0.5771004746835443,119.7956204510659,1668,860,-0.0304631357049757,0.059084314367324926,0.6739196541418813,1.627153355996744
60,0.5824940664556963,122.63399763561978,1694,834,-0.03236609277457234,0.06574120043180517,0.6757013433738597,1.6522576520884644
60,0.5910522151898734,124.25957544553114,1719,809,-0.02740701858782019,0.05823567979290837,0.6781144466291917,1.6789696050556042
60,0.5954568829113924,123.82097627850962,1744,784,-0.027201830252282212,0.06051019382650529,0.68387210074507,1.69791581451978
60,0.6028085443037975,119.1139843830723,1769,759,-0.02678115219492517,0.06241878555049089,0.6952014880582031,1.7048256179447114
60,0.610927610759494,118.05952954316427,1795,733,-0.030280912530961338,0.07415312140938002,0.7024038667532523,1.721021319021204
60,0.6174841772151898,117.56153979859062,1820,708,-0.027518961808404584,0.07074083402725466,0.7078040277275978,1.744174259548544
60,0.6264675632911393,120.26358073775768,1845,683,-0.02917739611889061,0.07881741704151267,0.7096869618318224,1.7757158809503983
60,0.6334889240506328,122.68968202036592,1870,658,-0.025940744197081134,0.07372217575766214,0.7113710947971114,1.8129201900380922
60,0.637559335443038,126.87110473423814,1896,632,-0.02308748328894059,0.0692624498668217,0.7113288073896776,1.8596171952155631
60,0.6442879746835443,126.64768298300046,1921,607,-0.021371890696091397,0.0676365766510569,0.7167038453864049,1.890539760464507
60,0.6518571993670885,126.12034195385573,1946,582,-0.018271548435484737,0.06109352793033204,0.7223319756030491,1.9235739457660692
60,0.6584375000000001,131.12205988288434,1972,556,-0.016656900467274985,0.05907807144148602,0.7219225952391648,1.981800260228969
60,0.667589003164557,118.59819519361187,1997,531,-0.019122044032642144,0.07191473057097242,0.7422227316715394,1.9629092445469944
60,0.6758306962025317,118.2750589545231,2024,504,-0.016682485578944556,0.0669947436741741,0.7480990235972927,2.005996399282521
60,0.681368670886076,121.19812234484655,2048,480,-0.015209171195042032,0.0648924637655126,0.7497328332419531,2.0626085857234324
60,0.6883188291139242,121.28915708799346,2073,455,-0.009856458722380942,0.044906459190100334,0.7546924437941156,2.1151728000853662
60,0.6981645569620261,126.67577065358427,2098,430,-0.006554080955217921,0.03197781824197013,0.7541099304799762,2.1984826382402813
60,0.7072310126582282,122.31928650900821,2123,405,-0.006176172407395875,0.032375343261484946,0.7645325316793287,2.2330665363723665
