date,window,log_return,predicted_high_vol_probability,filtered_high_vol_probability,filtered_phase,predictive_log_density,pit
2000-01-03,10,-0.009594974568010173,0.04013413863771423,0.06259055070632114,0,2.708644852596503,0.046952682151354855
2000-01-04,10,-0.039099226875721094,0.07429986245514399,0.9999994852734552,1,-4.220994995565931,5.2354611473291476e-05
2000-01-05,10,0.001920379811527262,0.9755275256847707,0.9506430969121044,1,3.4928903337539037,0.5523140342490207
2000-01-06,10,0.0009552460841302235,0.9280761510412229,0.8602047314095187,1,3.5500749708628776,0.5202490399522235
2000-01-07,10,0.026729935262678417,0.8411284446532536,0.9997740383322475,1,1.0147230685546944,0.9863625263224055
2000-01-10,10,0.01112782129832901,0.9753107803428879,0.9839677011956789,1,3.083430916433681,0.8130875588494435
2000-01-11,10,-0.013148634269231074,0.9601145220648639,0.9901858748902767,1,2.8496323655743314,0.1325483345447375
2000-01-12,10,-0.00439597894777588,0.9660926922547245,0.948458493493261,1,3.4209439955184875,0.3458899774631584
2000-01-13,10,0.01209620811521539,0.9259758669905307,0.9608184750143856,1,2.9835898786868253,0.8405432952478848
2000-01-14,10,0.010614783884359547,0.9378587890036307,0.9543514259509795,1,3.1103493833469065,0.8075086696322653
2000-01-18,10,-0.00685551038023835,0.9316413493137733,0.9260988571890011,1,3.3125617201759314,0.2681933823906167
2000-01-19,10,0.0005221501712568966,0.9044792479227195,0.81881545737597,1,3.5748233961303013,0.5047042515320607
2000-01-20,10,-0.007120558645266506,0.8013366767870232,0.7952469862177928,1,3.301516977198317,0.2373180978187937
2000-01-21,10,-0.002916595126569277,0.778677880391417,0.662215646291788,1,3.6031138652639747,0.3683774849190648
2000-01-24,10,-0.028022615294881703,0.6507811650980199,0.9998932909467282,1,0.41112482785353066,0.007061020603406496
2000-01-25,10,0.006046483729051921,0.9754254301516525,0.9624504142604335,1,3.3812635598138785,0.6820402158159469
2000-01-26,10,-0.004221574646237514,0.9394277401187893,0.907570033565493,1,3.442317778766333,0.3471021114369363
2000-01-27,10,-0.003946270263199381,0.8866655832553147,0.8277721045447098,1,3.484500479496508,0.34782624072464674
2000-01-28,10,-0.027840795963129494,0.8099476233020393,0.999947575993459,1,0.6635643917703566,0.00913501865456562
2000-01-31,10,0.02490490367092768,0.9754776199527195,0.9999169722307402,1,1.4680439555196663,0.9773458846397054
2000-02-01,10,0.010571692114229592,0.9754481974066523,0.9819892520742874,1,3.124003003995462,0.8006726419321465
2000-02-02,10,-0.0001135395970566222,0.9582124353525011,0.9169488311189102,1,3.518860377019182,0.4842710549376449
2000-02-03,10,0.011185364792413388,0.8956823863721668,0.9311171318340169,1,3.0493775592466896,0.8264229925753213
2000-02-04,10,-0.000421150167315254,0.9093038316929398,0.8294557614091667,1,3.5655678771741863,0.47134263508374996
2000-02-07,10,-9.1272585639679e-05,0.811566295885244,0.674560261534657,1,3.6598092352717364,0.47902797732628827
2000-02-08,10,0.012198507136646164,0.662649313926724,0.7980302921744294,1,2.8266887074449984,0.8800575391041591
2000-02-09,10,-0.0210421933431002,0.7813537587950201,0.9971449678113552,1,1.7347901433593087,0.0326825575187887
2000-02-10,10,0.0036273298319899894,0.9727831843336779,0.9489706697559185,1,3.4643493788897377,0.6079108027445943
2000-02-11,10,-0.021192326485726554,0.9264682747320567,0.9992459080701173,1,1.8819237743903443,0.037735529784406446
2000-02-14,10,0.002030925489038715,0.9748030343800864,0.9493564698044618,1,3.4923006419218448,0.5559707699388748
2000-02-15,10,0.008674870571246274,0.9268391840155095,0.9230224942293798,1,3.250587001204603,0.7625052681533127
2000-02-16,10,-0.0103093696588612,0.9015216236681288,0.9455105885515706,1,3.057251286619982,0.1785021751791163
2000-02-17,10,0.0004250827714562533,0.923141742646229,0.8515623913528144,1,3.5561309538944306,0.5016646464031931
2000-02-18,10,-0.03084707065542691,0.83281967390558,0.9999940450271432,1,0.10634189220348667,0.004826650679899954
2000-02-22,10,0.004506615589443541,0.9755222954162184,0.9566985553428108,1,3.4374336109725916,0.6353824990535483
2000-02-23,10,0.006281214667972712,0.9338978863053632,0.9036729394347809,1,3.3917721782239574,0.6948242292458214
2000-02-24,10,-0.005349813063087794,0.8829189056770502,0.8460820811365294,1,3.4126483724754886,0.302995948687463
2000-02-25,10,-0.014940038714278181,0.8275508877996776,0.9732581617334392,1,2.5494881450072198,0.09025211745373414
2000-02-28,10,0.010957031538572082,0.9498183398247441,0.9658542778578869,1,3.087539957355183,0.8132476067723043
2000-02-29,10,0.013535077157034614,0.9427002244346143,0.9793186357989433,1,2.86446177367729,0.8650871003130313
2000-03-01,10,0.009302189373569192,0.9556448971346978,0.958080095824118,1,3.20823883616131,0.7737049820043892
2000-03-02,10,0.0018616785832916705,0.9352261033232654,0.8744757366313994,1,3.53481963883008,0.5515019687809073
2000-03-03,10,0.01964282967966202,0.85484863038414,0.9931293035515606,1,2.1007363342477268,0.949658272348281
2000-03-06,10,-0.012776691866462464,0.968922513090086,0.9914950040296696,1,2.8898523105794065,0.14026053991130458
2000-03-07,10,-0.025965272460889643,0.9673512927988998,0.9999759999734447,1,1.1760737172404916,0.016086370070301753
2000-03-08,10,0.008140160732057033,0.9755049468493573,0.9717843443465783,1,3.2786536206667716,0.7406878887562224
2000-03-09,10,0.025279576478616228,0.9484014075227268,0.9998532445311062,1,1.3790676220933227,0.9795084122693177
2000-03-10,10,-0.004734058241369965,0.9753869294117505,0.963839295569993,1,3.4035986147632817,0.3371306463519287
2000-03-13,10,-0.008241340204650172,0.9407630146302227,0.9497684548575923,1,3.225537251292943,0.233385223063734
2000-03-14,10,-0.017843748667171866,0.9272352676381708,0.9966116352188304,1,2.3211749096484313,0.06554670654202155
2000-03-15,10,0.023989810373332254,0.9722704368353758,0.9998475989673035,1,1.6096668815664303,0.9731579736603799
2000-03-16,10,0.046538626308898934,0.9753815017503682,0.9999999999958096,1,-3.556567037205646,0.9999115155130603
2000-03-17,10,0.00410546123246025,0.9755280205403323,0.9554028744713076,1,3.44928618501727,0.6228277212988711
2000-03-20,10,-0.005367853770868791,0.9326522149648662,0.9100689115323459,1,3.393871400947921,0.31097697573267513
2000-03-21,10,0.025244519701191237,0.8890680117662002,0.9996570210995052,1,1.3203961657378058,0.9806585398658552
2000-03-22,10,0.004521615579435867,0.9751982796365971,0.9561881924675842,1,3.437222241596289,0.6358839805437579
2000-03-23,10,0.01764252379054998,0.9334072219597626,0.9936144537087803,1,2.428613628515746,0.9249178771756499
2000-03-24,10,7.20175723190053e-05,0.9693889378556112,0.9382504890246804,1,3.5079056498197545,0.49092835333447077
2000-03-27,10,-0.002359635613678357,0.9161618619451184,0.8536549521532482,1,3.522580089604261,0.40463169055083376
2000-03-28,10,-0.01064138106524215,0.8348314679164955,0.9123973807555613,1,2.9925344175369437,0.1608438153032446
2000-03-29,10,0.0005238292701630343,0.8913066088176669,0.7964857119612218,1,3.587799819667876,0.5045105287446167
2000-03-30,10,-0.013749866207868777,0.7798687949069144,0.9472998336845159,1,2.631675092033231,0.10077811715625458
2000-03-31,10,0.007138821544879548,0.924861928096407,0.9014291695372307,1,3.348581242330095,0.7211223276616606
2000-04-03,10,0.00491921579095056,0.8807617388024589,0.8092984156716234,1,3.4906762391312096,0.6592458898381413
2000-04-04,10,-0.007491620335110305,0.7921869653432896,0.7969778238449271,1,3.2692964207052304,0.22573947395598482
2000-04-05,10,-0.004936128864951428,0.7803419126964349,0.7102339893131605,1,3.4789935390979156,0.29864028904496337
2000-04-06,10,0.009348582996253185,0.6969461390784455,0.7110702777510564,1,3.1879796738122312,0.8165091691016513
2000-04-07,10,0.009948088629283092,0.6977501492034598,0.7353893878013432,1,3.118813850058146,0.8304226866062357
2000-04-10,10,-0.007872101457462755,0.72113061200283,0.7410613326718872,1,3.2280908626764377,0.20304515508571638
2000-04-11,10,-0.00257566572235568,0.7265836362200657,0.5903596252489058,1,3.65558586930074,0.37480511878644995
2000-04-12,10,-0.022522988905343766,0.5816985784643016,0.996520150882167,1,1.2256317032636406,0.018716418315483117
2000-04-13,10,-0.0183381576485111,0.972182483529286,0.99899435684348,1,2.306409471621512,0.06356899796750645
2000-04-14,10,-0.060045133935631156,0.9745611923026268,1.0,1,-8.502802321392014,4.931738092006549e-07
2000-04-17,10,0.032548195815906844,0.9755280205443609,0.9999992812244533,1,0.043615936054179016,0.9955886975503532
2000-04-18,10,0.02826026515219482,0.9755273295114697,0.9999878994609923,1,0.8899150634786364,0.988473897518262
2000-04-19,10,-0.009856898019463323,0.9755163870511313,0.9854362636884677,1,3.125653397554794,0.2007758331160507
2000-04-20,10,0.004940593765386581,0.9615264022965089,0.9350083913910053,1,3.4333767360148837,0.6504368120723649
2000-04-24,10,-0.003267702949568907,0.913044899895137,0.8578105945592459,1,3.4956511912771915,0.3738746391675062
2000-04-25,10,0.03273432295529588,0.8388267145550447,0.9999951746220218,1,-0.14682124654260154,0.9963707791926577
2000-04-26,10,-0.01119657221831627,0.9755233814120046,0.9895786045202682,1,3.0261422191694933,0.17170883276424315
2000-04-27,10,0.0026863453512833146,0.9655088607631206,0.9327535512895403,1,3.4915958602095003,0.5779227641577522
2000-04-28,10,-0.008562617657917215,0.9108770900944568,0.9285629236021976,1,3.19745205800278,0.22005907201116565
2000-05-01,10,0.010833199608955013,0.90684820850515,0.9339950608773564,1,3.0833775150183396,0.817153307828932
2000-05-02,10,-0.015069558541687122,0.9120706810060063,0.9880012451370457,1,2.618679589160037,0.0972783801832173
2000-05-03,10,-0.021801456902616145,0.9639923828860759,0.9997376675200552,1,1.833955471252113,0.03527544640543657
2000-05-04,10,-0.003915506636260169,0.9752758133387629,0.9602458427901502,1,3.4321592466723247,0.3620932759219834
2000-05-05,10,0.016227222585557755,0.9373082587256408,0.9900905352685632,1,2.5906080389793416,0.9071363335359213
2000-05-08,10,-0.005922728038695979,0.9660010324664277,0.9574292560063302,1,3.3565598817468114,0.3005706230815974
2000-05-09,10,-0.008482903589146495,0.9346003840384449,0.9470218358354525,1,3.2081031498076036,0.22625357210950123
2000-05-10,10,-0.02081507897858703,0.9245946601595915,0.9990693790746956,1,1.932847880873112,0.040198298074802456
2000-05-11,10,0.0177441001293257,0.974633318892886,0.9977483392230958,1,2.456104110160878,0.9228823084618742
2000-05-12,10,0.009297394079674781,0.9733632673555168,0.9748290990367853,1,3.2095615166795493,0.7707317802461815
2000-05-15,10,0.021857120028318633,0.9513286434956053,0.9992199309205265,1,1.9047752630554893,0.9614254472308108
2000-05-16,10,0.009375068665455899,0.9747780598732733,0.9765078998780156,1,3.204698635855712,0.7724231202078198
2000-05-17,10,-0.012519725344927402,0.9529426474840231,0.98593592634427,1,2.9007055391554246,0.14274948780723115
2000-05-18,10,-0.007341428670045502,0.9620067794201809,0.9620723007845027,1,3.282880021891856,0.26056312253910635
2000-05-19,10,-0.021279493308747455,0.9390642207284965,0.99940920646429,1,1.8829381940234975,0.037670722188700004
2000-05-22,10,-0.0044378507621862795,0.9749600299289471,0.9619342641515457,1,3.4146715561604593,0.34601930168432576
2000-05-23,10,-0.01936209381243703,0.9389315119099942,0.9985409325712664,1,2.1432940156515037,0.0520879454075399
2000-05-24,10,0.01816913853535773,0.9741252688947841,0.9980453211040995,1,2.406105968500249,0.9277546126604526
2000-05-25,10,-0.01260909256456788,0.9736487865955933,0.9924449561701887,1,2.9080677834726307,0.14393923271754114
2000-05-26,10,-0.0025366560200357213,0.9682645795366407,0.9428500789492618,1,3.475298160566722,0.404789221266605
2000-05-30,10,0.03173305074146704,0.9205839210131378,0.9999956368933007,1,0.15581569547706042,0.9949608875748377
2000-05-31,10,-0.0013014194341360863,0.9755238258409503,0.9523454098334935,1,3.4908865667687774,0.44578180143904833
2000-06-01,10,0.01966321224561618,0.9297127596115663,0.9969552172105121,1,2.178257415274545,0.9454870768572194
2000-06-02,10,0.019446490728459054,0.9726007575567523,0.9987558901273711,1,2.2488989637755115,0.9409761485302743
2000-06-05,10,-0.006540165728379677,0.9743319297114653,0.9706809216341565,1,3.3248660898911346,0.28461996097535275
2000-06-06,10,-0.006692966631606012,0.9473405737329041,0.941496554742435,1,3.320347023701398,0.2755134937188077
2000-06-07,10,0.009231254956962864,0.9192826389226204,0.9226081379695286,1,3.211336475427256,0.7778074953455438
2000-06-08,10,-0.006607525497478228,0.9011232603604624,0.889350067361402,1,3.3312168237628503,0.26954855922789345
2000-06-09,10,-0.003234408120834864,0.8691488550049934,0.7918746066718954,1,3.5271406935169978,0.3690372432374476
2000-06-12,10,-0.007544085797738909,0.7754356649338953,0.78217066986675,1,3.263980379505072,0.22132210202443656
2000-06-13,10,0.016080252092327108,0.7661062719992445,0.9541667233223303,1,2.4411416464152844,0.9216546129147113
2000-06-14,10,0.0007483044451523924,0.9314637756719274,0.8663149034170732,1,3.5473631062711304,0.5130795600066542
2000-06-15,10,0.005553931008342339,0.8470027817085563,0.771957935769817,1,3.478356231418079,0.684145384539077
2000-06-16,10,-0.009697037445888235,0.7562877198754433,0.8353855329409948,1,3.0468879036165495,0.16717301867326317
2000-06-19,10,0.01460137245906079,0.8172671954009743,0.94631552021735,1,2.6597848778160293,0.8972407206677941
2000-06-20,10,-0.006786096029822275,0.9239156062797614,0.9169061235490135,1,3.3174619489293233,0.26870543844701744
2000-06-21,10,0.002152226828039616,0.8956413271908417,0.8066807383553795,1,3.569051410748025,0.5629353472293467
2000-06-22,10,-0.018388201432298246,0.7896703227940086,0.9909110139736707,1,2.100472329047965,0.05133936277667303
2000-06-23,10,-0.007395512097768453,0.9667898430685745,0.9671621868853805,1,3.2798353633900557,0.25999271062600293
2000-06-26,10,0.009548572785259779,0.9439576519596776,0.9493170241509427,1,3.190403962324136,0.781626344776807
2000-06-27,10,-0.0032761414916500087,0.9268012608500321,0.879230244537612,1,3.485742990148199,0.37546986255629117
2000-06-28,10,0.002939386773042507,0.8594196280481439,0.7538949323027363,1,3.583946770229902,0.5929379973751842
2000-06-29,10,-0.008580721637060584,0.7389218960548468,0.7832300290040719,1,3.1573920519789156,0.1889840318454797
2000-06-30,10,0.008429488744993385,0.7671247429404143,0.749314833961487,1,3.28320359214953,0.781770928229275
2000-07-03,10,0.010218477910975743,0.7345185762514655,0.7788413259204571,1,3.0954414297835817,0.8306299847012226
2000-07-05,10,-0.01598925608691104,0.7629054310917586,0.972754186415605,1,2.3600246787450887,0.0716926280654953
2000-07-06,10,0.007192838203922136,0.9493338164953106,0.9334550105188555,1,3.337359858930806,0.7189057932016638
2000-07-07,10,0.015145559424296628,0.9115514750280488,0.979656032183737,1,2.682383109288068,0.8946278535343195
2000-07-10,10,-0.00222032773343539,0.9559692709957066,0.9198587656717575,1,3.4928045082854737,0.4137032741857923
2000-07-11,10,0.0035582652121410874,0.8984800058747212,0.8209571543132733,1,3.5312826784366163,0.611805268855599
2000-07-12,10,0.008097428062970202,0.8033957104221605,0.7782486816423136,1,3.308820029168347,0.7669938098562327
2000-07-13,10,0.0019539882286059296,0.762335661167212,0.6080185079648713,1,3.6928756148228072,0.5600118820322866
2000-07-14,10,0.009408483745136031,0.5986758794249593,0.617546184255913,1,3.1734493820457366,0.8337703918143731
2000-07-17,10,0.000337695792274495,0.6078358149911259,0.42560080725301624,0,3.831859407741905,0.4904584546706035
2000-07-18,10,-0.011151059383673001,0.4232989739123387,0.6333833555490536,1,2.640881797523475,0.08737908989985353
2000-07-19,10,-0.007917506158269028,0.6230617173165343,0.6485779634142993,1,3.2127705701667493,0.18416659248140302
2000-07-20,10,0.00914186912404169,0.6376698573023232,0.6443537493694689,1,3.2097199044145515,0.8209988708238685
2000-07-21,10,-0.010336947165775712,0.6336086856917046,0.7674638987507262,1,2.9113070247293353,0.13406514645587259
2000-07-24,10,-0.010799974560513625,0.7519671396763087,0.8667933158492139,1,2.927785841547295,0.14456726708667478
2000-07-25,10,0.006928119832164903,0.8474627288056866,0.800370259792249,1,3.389371227960316,0.7267479108211305
2000-07-26,10,-0.015067472411811167,0.7836034104363439,0.9663576718531449,1,2.489225665252729,0.08412165503660332
2000-07-27,10,-0.0019296776535497884,0.9431841888788403,0.8959737986150601,1,3.510214940988897,0.42200098578802503
2000-07-28,10,-0.020722049297008382,0.8755169294061104,0.9983046558562767,1,1.8919427430904268,0.03868442436169172
2000-07-31,10,0.007675291650055982,0.973898111777038,0.9677290383541515,1,3.3043286705788866,0.7284439744276676
2000-08-01,10,0.0050681024362555505,0.9445026246026306,0.9083731493937789,1,3.440494539752683,0.6564299763755732
2000-08-02,10,0.00041713015065347747,0.8874377011374246,0.7901767799623426,1,3.591507867200432,0.5005638729238701
2000-08-03,10,0.009587588919424128,0.7738033694205977,0.7930953304732258,1,3.1690725726049314,0.8098866672453264
2000-08-04,10,0.007113757023062384,0.7766092723301484,0.7201868304766096,1,3.399464197880141,0.7430239714847056
2000-08-07,10,0.011141248729387598,0.706514829383678,0.7895469527012428,1,2.9802000293673006,0.8542583674766568
2000-08-08,10,0.0023496695617160057,0.7731978516686024,0.6251812470367527,1,3.674430893366908,0.57535078476471
2000-08-09,10,-0.006719313970043217,0.6151761864499973,0.5895517353588132,1,3.35549093062244,0.21475712848885029
2000-08-10,10,-0.008605224386115218,0.5809218707853512,0.6401266153898462,1,3.1171439052025836,0.16028347092253376
2000-08-11,10,0.007905664808428803,0.6295447068473242,0.5860031734942545,1,3.358354688272008,0.7892619451348863
2000-08-14,10,0.013309233375264462,0.57751027313667,0.7869108094669736,1,2.612594822265627,0.9086137797891529
2000-08-15,10,-0.004791691935959186,0.7706634559322784,0.6947936431020144,1,3.4934042344558627,0.3017576787916652
2000-08-16,10,-0.003090128897738964,0.6821017455355642,0.5482112453570549,1,3.655842987023063,0.34930230740427587
2000-08-17,10,0.010900938613173317,0.5411770040285002,0.6351142373821245,1,2.948127868687738,0.874902160270594
2000-08-18,10,-0.0029118532919625295,0.6247257921212677,0.4811255553969952,0,3.7023928093225535,0.34892435136150135
2000-08-21,10,0.0051885647292309045,0.4766806275065823,0.34928139931631463,0,3.708659842590843,0.7177629901502205
2000-08-22,10,-0.0009007176325610544,0.3499252741986452,0.20967544407542466,0,3.982732748563467,0.41615393689560254
2000-08-23,10,0.005219545154407257,0.2157077047098443,0.1398312545215112,0,3.8301861701724373,0.7513155505083774
2000-08-24,10,0.0015526098902993724,0.14855929869331028,0.07721740688330134,0,4.124828804679328,0.5542971202768536
2000-08-25,10,-0.0012339292255436618,0.088362164324352,0.04620899621139397,0,4.115811860041709,0.37765523461545103
2000-08-28,10,0.005058708901477971,0.05855058854370071,0.03493158930377748,0,3.9182832533071545,0.7627482982629694
2000-08-29,10,-0.002810913479051713,0.04770845689777817,0.026929404606675592,0,4.015204471851016,0.28092817959038485
2000-08-30,10,-0.004813399148074993,0.040015133365896974,0.027535048165507447,0,3.7628359859151583,0.180755591163442
2000-08-31,10,0.00999256726248099,0.040597400836526694,0.04889177902739087,0,2.9826316239090334,0.9360025759144968
2000-09-01,10,0.0020339324756024624,0.06112982370890633,0.030586409062470808,0,4.158259869005821,0.5868175131981167
2000-09-05,10,-0.009042781701856129,0.04353098803570397,0.06028900356775718,0,2.862270569281341,0.05650566371137402
2000-09-06,10,-0.009888955769277175,0.0720871483737931,0.11734254660605832,0,2.6464057188159167,0.04809437450804244
2000-09-07,10,0.006851994912499215,0.12693858980487183,0.09407988092553936,0,3.6350393934683485,0.8324210958358798
2000-09-08,10,-0.005345340237265184,0.10457379568070757,0.07840695119870496,0,3.6581780957415235,0.16985103656504752
2000-09-11,10,-0.00351235044841669,0.08950579567257926,0.05463519175584825,0,3.920921042436791,0.24936421660194882
2000-09-12,10,-0.004893573080636315,0.06665155733161936,0.046713688594330054,0,3.7417583250330204,0.18173863769848447
2000-09-13,10,0.0019683851446323786,0.05903580126159881,0.029456714730335117,0,4.161761092263743,0.5826858394253847
2000-09-14,10,-0.0027244114525553087,0.04244489663463946,0.023739896639117172,0,4.02611612086416,0.2850978052823921
2000-09-15,10,-0.010221762205412155,0.03694873117315246,0.06643817701887084,0,2.5242353523630676,0.037818838730679795
2000-09-18,10,-0.01463782698861582,0.07799898152983173,0.36613085178908983,0,1.1953258012745787,0.013029224130596186
2000-09-19,10,0.010597776512945245,0.36612438658042545,0.443563284061768,0,2.9370623478377516,0.8962846191038938
2000-09-20,10,-0.005880672612838644,0.440568151112621,0.38251065032581527,0,3.4906718573489615,0.20919607990463657
2000-09-21,10,-0.001579098311505156,0.38187197230857056,0.2390441670098254,0,3.932071243782005,0.3831649126581883
2000-09-22,10,-0.00022776134850310825,0.24394287995321914,0.13475846812766692,0,4.067925341235484,0.447836736205954
2000-09-25,10,-0.0067111324520521265,0.14368230716997002,0.13085492291843384,0,3.4068376847098993,0.12979663850590611
2000-09-26,10,-0.008247785953379605,0.1399294275061413,0.16244535465287874,0,3.085498612128732,0.08929374740799133
2000-09-27,10,-0.0004485279248784835,0.1703005600211044,0.09061742597861257,0,4.104441232482545,0.43105445307686147
2000-09-28,10,0.021991554793635792,0.1012449814718931,0.8871799226892396,1,-0.23566813100350004,0.9958546107487382
2000-09-29,10,-0.015047955636871002,0.8670624716352144,0.9809095002393771,1,2.5774563106811845,0.09294418677174662
2000-10-02,10,-0.00019493584583862855,0.9571743588128386,0.9151147193762307,1,3.519525733720748,0.48147862697452354
2000-10-03,10,-0.006825774312250843,0.893919066033514,0.8851785142913462,1,3.317817464516218,0.2621821152547743
2000-10-04,10,0.005495018685719444,0.8651383118079619,0.795856114094856,1,3.4710649468656243,0.6798897001453071
2000-10-05,10,0.001365568386107796,0.7792634976956805,0.6280639739507197,1,3.687575110894419,0.5360803826559303
2000-10-06,10,-0.019183302031864358,0.6179476484497736,0.9851764042423036,1,1.7614098432149583,0.03542131925340671
2000-10-09,10,-0.004951949272960832,0.9612765726727462,0.9449406419307577,1,3.401449614757659,0.3282557647363057
2000-10-10,10,-0.01076362554691368,0.9225937943151432,0.962039028371379,1,3.030675011095177,0.17237229361329245
2000-10-11,10,-0.016303543621838834,0.939032232534205,0.9948305657649221,1,2.511349722462293,0.08377461947824826
2000-10-12,10,-0.025840502200064286,0.9705581115066901,0.9999767663610586,1,1.2008463148526238,0.0165498753006315
2000-10-13,10,0.032836397475617396,0.9755056836566278,0.9999994135808375,1,-0.017614107354137154,0.9958808270571604
2000-10-16,10,0.000327416793585833,0.9755274567592807,0.9501448389829322,1,3.5018211923919287,0.4996161074688206
2000-10-17,10,-0.018094959305504865,0.9275971244257993,0.996964985782681,1,2.2910703075390093,0.06305031195439939
2000-10-18,10,-0.005824465780565724,0.9726101490903128,0.965155888778201,1,3.3593327448643446,0.3045579459945535
2000-10-19,10,0.0341533584652165,0.9420287911517632,0.9999994484783719,1,-0.339158763874134,0.9971096498144526
2000-10-20,10,0.005865708980616446,0.9755274903098712,0.961853974481122,1,3.388672787170786,0.6766901393523737
2000-10-23,10,-0.0008235728485956884,0.9388543211884326,0.8829830148974283,1,3.5325263109596543,0.45909091033431426
2000-10-24,10,0.0016822306761410388,0.8630275523352923,0.7517798679384455,1,3.6073688573741722,0.5468986277686702
2000-10-25,10,-0.02405446359399832,0.7368884670524977,0.9992385580781213,1,1.2222016862139804,0.01782176170475217
2000-10-26,10,-0.00033707783153147375,0.9747959680765053,0.9492894455740981,1,3.5005580901338513,0.4775509135198459
2000-10-27,10,0.01103501697134579,0.9267747467264215,0.9506205600572577,1,3.0734155179457034,0.8184754827201245
2000-10-30,10,0.013735530390521333,0.9280544840437354,0.9751931201975244,1,2.835514625477991,0.8704024299717893
2000-10-31,10,0.021740140393392338,0.9516786144932794,0.9991823970028834,1,1.9216642227421539,0.9606186376821626
2000-11-01,10,-0.005739118123332609,0.9747419746562008,0.9674557490075739,1,3.3625582805507923,0.30739132462185714
2000-11-02,10,0.004983270768506465,0.9442398834337347,0.9072910582447146,1,3.4440273901208425,0.6538097625934547
2000-11-03,10,-0.0011418525168762628,0.8863973755743628,0.7952488371106103,1,3.5769632920909675,0.44422093369335075
2000-11-06,10,0.0038476653692409712,0.7786796598451297,0.6499730898308568,1,3.615294157622232,0.6324715477368047
2000-11-07,10,-0.00022345900667719576,0.6390111358777025,0.460739050094443,0,3.801580727707017,0.46605009844315365
2000-11-08,10,-0.01590234662253387,0.4570809822954754,0.9004296677932948,1,1.9342842126823157,0.044469010173184075
2000-11-09,10,-0.006506704050522671,0.8798008149325608,0.8639304112721917,1,3.340817315698737,0.2685411177304909
2000-11-10,10,-0.024700111868566133,0.8447103240580291,0.9997269627653987,1,1.2536635056792589,0.01804251466550274
2000-11-13,10,-0.010834629254040884,0.9752655217566488,0.988424955557516,1,3.0539589258948205,0.17923621854383187
2000-11-14,10,0.023181408240186663,0.9643997393108392,0.9997029370321677,1,1.7250723132454397,0.9691049172909743
2000-11-15,10,0.004948148412974973,0.9752424233471727,0.9577909420872566,1,3.4232375501050107,0.6490534615912159
2000-11-16,10,-0.012664308892126108,0.9349481100836277,0.9811141156458281,1,2.8742977515925023,0.13770924648401417
2000-11-17,10,-0.0033576183716634844,0.957371076656905,0.9286259967296548,1,3.461591965316695,0.37703330802973684
2000-11-20,10,-0.018522191007211752,0.9069088471924664,0.9966738139751558,1,2.216596765912046,0.05763365986523545
2000-11-21,10,0.0035167714695161223,0.9723302156716971,0.9478091931038886,1,3.467467405366516,0.6044096871182998
2000-11-22,10,-0.018721681317297012,0.925351627716645,0.9976000088409868,1,2.2110108461776523,0.056951243061410264
2000-11-24,10,0.014571618836856537,0.9732206620967822,0.9930038652390736,1,2.789055944402178,0.8789005786163857
2000-11-27,10,0.005351700412830951,0.9688019163333521,0.948971241214979,1,3.413074386082038,0.6621564925050522
2000-11-28,10,-0.009593900168028746,0.9264688241344516,0.9526410371346199,1,3.1252439689566254,0.1984388029944544
2000-11-29,10,0.004361438120282557,0.9299969765546277,0.8792210168966719,1,3.4780127259759435,0.6355906600291589
2000-11-30,10,-0.020310234142105088,0.8594107565674327,0.9976294850634553,1,1.9303419172144811,0.04073473474836924
2000-12-01,10,0.00021291318545291205,0.973249000622389,0.9457076815247172,1,3.5041267370709415,0.49574865306069854
2000-12-04,10,0.007378262393821444,0.9233312284011411,0.90253116505129,1,3.3348031162533642,0.7281264864427262
2000-12-05,10,0.03818328671402149,0.8818212004796444,0.9999999495837816,1,-1.3529620179067834,0.999046053495361
2000-12-06,10,-0.018387614834435517,0.9755279720740626,0.9991366435677055,1,2.303640795145777,0.06328904860080031
2000-12-07,10,-0.005870124944838295,0.9746979871711774,0.9680038791451409,1,3.3566834380061596,0.3036134083210122
2000-12-08,10,0.019415080038481136,0.9447668573346749,0.9973879312508092,1,2.2251722239638503,0.9423541454980521
2000-12-11,10,0.00749797155870624,0.9730167700876801,0.9657753024519294,1,3.3138979377167095,0.723730211611151
2000-12-12,10,-0.006556733213653132,0.9426242972507151,0.9349308394883387,1,3.328560636033642,0.2784477513782427
2000-12-13,10,-0.008194336210959996,0.9129703412714221,0.925215840662655,1,3.2243731187642104,0.22956908151081878
2000-12-14,10,-0.01411394369352692,0.9036303132782045,0.9816919329758028,1,2.709269050164523,0.11008439748361633
2000-12-15,10,-0.021696389831126872,0.9579265919105623,0.9996748295799575,1,1.8429171972376017,0.035712366366542674
2000-12-18,10,0.008038329510870135,0.9752154007612546,0.9709919102386844,1,3.2843630926959673,0.7380236986788727
2000-12-19,10,-0.013042637538261737,0.9476395590775223,0.9865601789007111,1,2.8495508273142187,0.13276984708943257
2000-12-20,10,-0.0317961377699838,0.9626069376349801,0.9999994157296871,1,0.05416197322930305,0.004470899724754361
2000-12-21,10,0.007969801202206916,0.9755274588251909,0.9710493171217804,1,3.2880786524449777,0.7361415135029679
2000-12-22,10,0.02410969102695315,0.9476947502211078,0.9997228354296719,1,1.5655273648167047,0.974414518390162
2000-12-26,10,0.007035082197664799,0.9752615537241336,0.9665207499242016,1,3.336526877307183,0.7105118855434616
2000-12-27,10,0.01038544039891498,0.9433409726084194,0.9564306345269403,1,3.129318933727508,0.801457195161207
2000-12-28,10,0.0039802691537973445,0.9336403064574296,0.8822643121393562,1,3.4880980065163785,0.6228175549808083
2000-12-29,10,-0.010503016121381492,0.8623365894232382,0.9257197370017927,1,3.020340838522187,0.16807306068201103
2000-01-03,20,-0.009594974568010173,0.04013375447686201,0.06258979013202105,0,2.7086487289775185,0.04695243411887882
2000-01-04,20,-0.039099226875721094,0.07429663309574752,0.9999994852022767,1,-4.2212246029779426,5.234074378407767e-05
2000-01-05,20,0.001920379811527262,0.9755346797764491,0.9506579498653028,1,3.4929006021274356,0.5523123321357952
2000-01-06,20,0.0009552460841302235,0.9280970768146104,0.8602442984359727,1,3.5500698388551735,0.52024729039311
2000-01-07,20,0.026729935262678417,0.8411721996387536,0.9997741194978802,1,1.0147241142627577,0.9863629144569293
2000-01-10,20,0.01112782129832901,0.9753180102153306,0.9839728617726724,1,3.083442867832345,0.8130889828467321
2000-01-11,20,-0.013148634269231074,0.9601264725960217,0.9901888027458531,1,2.849631488512799,0.1325443663016963
2000-01-12,20,-0.00439597894777588,0.966102560245224,0.9484735619120913,1,3.420951298768072,0.3458868228852249
2000-01-13,20,0.01209620811521539,0.9259969774210387,0.9608311094565662,1,2.983607221038239,0.8405428626463239
2000-01-14,20,0.010614783884359547,0.9378776866448875,0.9543667050039537,1,3.1103643231471683,0.8075080854350725
2000-01-18,20,-0.00685551038023835,0.9316627229289534,0.9261219961418213,1,3.312567924843136,0.2681919904969987
2000-01-19,20,0.0005221501712568966,0.9045078872388174,0.8188668491021738,1,3.5748104346980765,0.5047028418272224
2000-01-20,20,-0.007120558645266506,0.8013913740186092,0.7953032529173165,1,3.3015221342930694,0.23732349867193447
2000-01-21,20,-0.002916595126569277,0.7787370218073042,0.6622945448257952,1,3.6030858076980454,0.36838200636903484
2000-01-24,20,-0.028022615294881703,0.6508606952637193,0.9998933227494782,1,0.4111553757329469,0.007060993807391327
2000-01-25,20,0.006046483729051921,0.9754326137938866,0.9624620403645984,1,3.381275951966921,0.6820399758749408
2000-01-26,20,-0.004221574646237514,0.939445685134295,0.9075971010560395,1,3.4423203139846015,0.34710040557289823
2000-01-27,20,-0.003946270263199381,0.88669780873219,0.8278189336230847,1,3.484493938358602,0.3478270063084151
2000-01-28,20,-0.027840795963129494,0.8099980261684374,0.9999475904701238,1,0.6635362943967715,0.009134448356295372
2000-01-31,20,0.02490490367092768,0.975484787496388,0.999916999768284,1,1.468010457096523,0.9773473021733963
2000-02-01,20,0.010571692114229592,0.9754553771921018,0.9819950217622929,1,3.124015371526939,0.8006739230291109
2000-02-02,20,-0.0001135395970566222,0.9582249511193661,0.916973698792239,1,3.5188641106884697,0.4842689964396483
2000-02-03,20,0.011185364792413388,0.8957125934871628,0.9311395942670796,1,3.0493968252967836,0.8264208147713628
2000-02-04,20,-0.000421150167315254,0.9093318722660872,0.8295057707311146,1,3.565556014794149,0.4713415983920913
2000-02-07,20,-9.1272585639679e-05,0.8116197736160095,0.6746401082532938,1,3.6597745715564542,0.4790283281812392
2000-02-08,20,0.012198507136646164,0.6627298827994186,0.7980928461832891,1,2.8267393641219813,0.8800481341266527
2000-02-09,20,-0.0210421933431002,0.7814189735721302,0.9971459665935529,1,1.7348256344543591,0.03268265395388164
2000-02-10,20,0.0036273298319899894,0.9727912693438309,0.9489863841427677,1,3.4643595777249327,0.6079096221595397
2000-02-11,20,-0.021192326485726554,0.9264900114785055,0.9992461249182852,1,1.8818992124058318,0.03773335146035973
2000-02-14,20,0.002030925489038715,0.9748103892614675,0.9493716857548488,1,3.492310731829548,0.5559691014697362
2000-02-15,20,0.008674870571246274,0.9268604455310665,0.9230465301192007,1,3.2505979823393774,0.7625036800702703
2000-02-16,20,-0.0103093696588612,0.9015510936346592,0.9455274586015121,1,3.0572653250491366,0.17850157456223753
2000-02-17,20,0.0004250827714562533,0.9231645548347256,0.8516049004407766,1,3.556123837619893,0.5016630591219892
2000-02-18,20,-0.03084707065542691,0.832866168439552,0.9999940466512885,1,0.1062847522698176,0.00482620755274956
2000-02-22,20,0.004506615589443541,0.9755294510817863,0.9567118074066588,1,3.4374452145700554,0.6353817024028647
2000-02-23,20,0.006281214667972712,0.9339173353143327,0.9037023033720222,1,3.391777413638299,0.6948223872356434
2000-02-24,20,-0.005349813063087794,0.8829532988605513,0.846126098456171,1,3.4126466146399825,0.3029972772268572
2000-02-25,20,-0.014940038714278181,0.8275987759379347,0.9732665045012859,1,2.5495200588000837,0.09025270014978702
2000-02-28,20,0.010957031538572082,0.949833239482397,0.9658654694027554,1,3.08755418554255,0.8132477693833455
2000-02-29,20,0.013535077157034614,0.9427177867079138,0.9793258006766326,1,2.8644772674242827,0.8650876337183537
2000-03-01,20,0.009302189373569192,0.9556587267565818,0.9580942162712126,1,3.2082516872858764,0.7737047961454365
2000-03-02,20,0.0018616785832916705,0.9352464014327616,0.8745143623148648,1,3.534815723837518,0.5515000518685869
2000-03-03,20,0.01964282967966202,0.8548916272954706,0.9931318826225695,1,2.1007678442477338,0.9496579697548586
2000-03-06,20,-0.012776691866462464,0.9689320760623379,0.9914975983836408,1,2.88985055734602,0.14025619998709374
2000-03-07,20,-0.025965272460889643,0.9673608536363711,0.9999760061502891,1,1.1760063334125426,0.016084737643874417
2000-03-08,20,0.008140160732057033,0.9755121067061444,0.9717932242057971,1,3.27866665227472,0.7406884017128996
2000-03-09,20,0.025279576478616228,0.9484168083715367,0.9998532954107052,1,1.3790409876763565,0.9795095555445429
2000-03-10,20,-0.004734058241369965,0.9753941309823696,0.963849973684276,1,3.403607330457481,0.3371269257476242
2000-03-13,20,-0.008241340204650172,0.9407800625367557,0.9497830385042274,1,3.225544971199243,0.23338272944173347
2000-03-14,20,-0.017843748667171866,0.927255925490679,0.9966125939457743,1,2.321165866179357,0.06554402413544012
2000-03-15,20,0.023989810373332254,0.9722784778442711,0.9998476493022581,1,1.6096390367396163,0.9731594941813292
2000-03-16,20,0.046538626308898934,0.975388702739228,0.9999999999958114,1,-3.5567705812883847,0.9999115364061459
2000-03-17,20,0.00410546123246025,0.9755351747057442,0.9554164839207965,1,3.4492975659486125,0.6228267805118776
2000-03-20,20,-0.005367853770868791,0.9326719942277648,0.9100951142152593,1,3.3938750956603254,0.3109755038363213
2000-03-21,20,0.025244519701191237,0.8890994315360049,0.9996571413084806,1,1.3203887517140567,0.980659246044584
2000-03-22,20,0.004521615579435867,0.975205545840924,0.9562016259007758,1,3.4372337567486886,0.6358831782371848
2000-03-23,20,0.01764252379054998,0.9334268400845175,0.9936166515608859,1,2.428623887969065,0.9249189843303466
2000-03-24,20,7.20175723190053e-05,0.9693981393144648,0.9382692798599337,1,3.507913016860118,0.49092614643708793
2000-03-27,20,-0.002359635613678357,0.916186446046306,0.8536962444741136,1,3.5225743602683024,0.40463092991015387
2000-03-28,20,-0.01064138106524215,0.8348768141811672,0.9124232498002862,1,2.9925585541446575,0.1608460634565906
2000-03-29,20,0.0005238292701630343,0.8913377317990507,0.7965402052338371,1,3.587784460152811,0.5045092290722104
2000-03-30,20,-0.013749866207868777,0.7799262440816637,0.9473159313646599,1,2.631719125362809,0.10078064075980961
2000-03-31,20,0.007138821544879548,0.9248840161418546,0.9014594731271112,1,3.348587556211819,0.7211202476652461
2000-04-03,20,0.00491921579095056,0.8807970122767983,0.8093534511979131,1,3.4906661892619084,0.659242172312705
2000-04-04,20,-0.007491620335110305,0.7922450677774628,0.797035132569687,1,3.2693046497056697,0.22574548286538804
2000-04-05,20,-0.004936128864951428,0.7804020737511839,0.7103074662975959,1,3.47897924308487,0.2986464740027512
2000-04-06,20,0.009348582996253185,0.6970209513291705,0.7111482593291012,1,3.1879903920301977,0.8164990073491458
2000-04-07,20,0.009948088629283092,0.6978293008409812,0.7354674592416334,1,3.1188331524761606,0.8304120388037107
2000-04-10,20,-0.007872101457462755,0.7212101004436196,0.7411372762817039,1,3.22810448561891,0.2030553697327815
2000-04-11,20,-0.00257566572235568,0.7266611373393358,0.5904564180179366,1,3.655544140000933,0.37481174706469744
2000-04-12,20,-0.022522988905343766,0.5817945724979816,0.9965213971286709,1,1.2257399864037142,0.01871783453576194
2000-04-13,20,-0.0183381576485111,0.9721908000212851,0.9989946421251207,1,2.306384971320398,0.06356537386424274
2000-04-14,20,-0.060045133935631156,0.9745686103866837,1.0,1,-8.503238964567684,4.92940759202982e-07
2000-04-17,20,0.032548195815906844,0.9755351747097712,0.9999992814613267,1,0.04353500436356761,0.9955891903622842
2000-04-18,20,0.02826026515219482,0.9755344838972121,0.999987903468912,1,0.8898624484930093,0.988474848845335
2000-04-19,20,-0.009856898019463323,0.9755235449452118,0.9854405139796534,1,3.125656961006906,0.2007711579907017
2000-04-20,20,0.004940593765386581,0.9615374927883475,0.9350278699835444,1,3.433385329369145,0.6504357426213221
2000-04-24,20,-0.003267702949568907,0.9130701118320863,0.857850419011463,1,3.4956470453171598,0.3738741258085714
2000-04-25,20,0.03273432295529588,0.8388706923811691,0.9999951763352725,1,-0.1468584147493095,0.9963710259369939
2000-04-26,20,-0.01119657221831627,0.9755305371748708,0.989581629073804,1,3.026142907943506,0.17170409304782358
2000-04-27,20,0.0026863453512833146,0.9655188154673845,0.9327734253140305,1,3.4916034577681843,0.5779212066921189
2000-04-28,20,-0.008562617657917215,0.9109026589873084,0.928583758375344,1,3.1974618156916508,0.22005821707821902
2000-05-01,20,0.010833199608955013,0.906874657924463,0.9340160057552515,1,3.083394630831717,0.8171515854018792
2000-05-02,20,-0.015069558541687122,0.9120972922149984,0.9880049971746985,1,2.618687051490051,0.0972762820810908
2000-05-03,20,-0.021801456902616145,0.9640030207614445,0.9997377392396226,1,1.8339151691394342,0.03527284695923496
2000-05-04,20,-0.003915506636260169,0.9752830337551316,0.9602575728262704,1,3.43216816710271,0.36208977941347803
2000-05-05,20,0.016227222585557755,0.9373262809627126,0.9900938403293706,1,2.5906202182129014,0.9071373918688622
2000-05-08,20,-0.005922728038695979,0.9660112621253212,0.9574421238634679,1,3.3565672412173315,0.3005671971518779
2000-05-09,20,-0.008482903589146495,0.9346194711898788,0.9470374673908984,1,3.208111399260116,0.22625143348463966
2000-05-10,20,-0.02081507897858703,0.9246162972041228,0.9990696395014026,1,1.9328253130817399,0.040196062016058944
2000-05-11,20,0.0177441001293257,0.974640713853569,0.9977490804680671,1,2.456102043222984,0.9228844825906225
2000-05-12,20,0.009297394079674781,0.9733711109787655,0.9748371432980207,1,3.2095744485877544,0.7707325683839604
2000-05-15,20,0.021857120028318633,0.9513432723406597,0.9992202020658706,1,1.9047646139667695,0.9614269375926613
2000-05-16,20,0.009375068665455899,0.9747854666891946,0.97651539325359,1,3.2047115605563405,0.7724240044296348
2000-05-17,20,-0.012519725344927402,0.9529567639865787,0.9859401618382571,1,2.900707971493329,0.14274585728841888
2000-05-18,20,-0.007341428670045502,0.962017860830714,0.9620834201905271,1,3.2828871278638703,0.26055958937481893
2000-05-19,20,-0.021279493308747455,0.9390816747043748,0.9994093679406358,1,1.8829083226141727,0.037668345391958444
2000-05-22,20,-0.0044378507621862795,0.9749673332565757,0.9619454719112377,1,3.414680303431366,0.34601567822540025
2000-05-23,20,-0.01936209381243703,0.9389490494089211,0.9985413399043659,1,2.143274343584612,0.052085220219812184
2000-05-24,20,0.01816913853535773,0.9741327996519137,0.9980459644404985,1,2.4061025881317457,0.9277567621277809
2000-05-25,20,-0.01260909256456788,0.9736565391462061,0.9924471501989494,1,2.908065131296854,0.1439346152245791
2000-05-26,20,-0.0025366560200357213,0.9682737652776217,0.9428667345035693,1,3.4753055824716306,0.404786388860818
2000-05-30,20,0.03173305074146704,0.9206064995880209,0.9999956383728681,1,0.15575767371472438,0.9949613343324629
2000-05-31,20,-0.0013014194341360863,0.9755309813839103,0.9523595620218153,1,3.4908959325893227,0.44577906176603627
2000-06-01,20,0.01966321224561618,0.9297330291886984,0.9969562542974727,1,2.1782619044884304,0.9454882852428315
2000-06-02,20,0.019446490728459054,0.9726088774397895,0.9987563077693912,1,2.2488914968391343,0.940978185072568
2000-06-05,20,-0.006540165728379677,0.9743394725930977,0.9706895928171114,1,3.3248738327320844,0.28461587274537736
2000-06-06,20,-0.006692966631606012,0.9473557625959006,0.9415134788956947,1,3.3203536858641165,0.2755109170146465
2000-06-07,20,0.009231254956962864,0.9193054617951386,0.9226319028360963,1,3.2113487754633523,0.7778058159498265
2000-06-08,20,-0.006607525497478228,0.9011524654951268,0.8893826136937102,1,3.331221427700223,0.2695488046631541
2000-06-09,20,-0.003234408120834864,0.8691861603056332,0.7919301521862312,1,3.5271281836706283,0.3690386105284419
2000-06-12,20,-0.007544085797738909,0.7754940782681798,0.7822280191618097,1,3.263989056324797,0.22132825756493563
2000-06-13,20,0.016080252092327108,0.7661663195928115,0.9541826937799046,1,2.4412000510486367,0.9216511259094488
2000-06-14,20,0.0007483044451523924,0.9314858121107685,0.8663566463733888,1,3.547356816871357,0.5130778442490568
2000-06-15,20,0.005553931008342339,0.8470486915768244,0.7720240807767995,1,3.4783422438707756,0.6841401690485219
2000-06-16,20,-0.009697037445888235,0.7563561186242076,0.8354361225314064,1,3.046918786488793,0.16718009986374044
2000-06-19,20,0.01460137245906079,0.8173212920670467,0.9463354099736473,1,2.65983131014428,0.8972370081620114
2000-06-20,20,-0.006786096029822275,0.923941329941987,0.9169342031289108,1,3.317467567942927,0.26870489192382613
2000-06-21,20,0.002152226828039616,0.895674621835432,0.8067389733968989,1,3.569034979900778,0.5629330644309032
2000-06-22,20,-0.018388201432298246,0.7897314743306834,0.9909141164167381,1,2.1005136182726223,0.05133992302270455
2000-06-23,20,-0.007395512097768453,0.9667998863763884,0.9671721671220882,1,3.2798424510103503,0.25998894963735625
2000-06-26,20,0.009548572785259779,0.9439740631325837,0.9493331790444367,1,3.1904170443153648,0.7816258135617989
2000-06-27,20,-0.0032761414916500087,0.9268234246717151,0.8792658842758435,1,3.4857410243300646,0.3754688568290337
2000-06-28,20,0.002939386773042507,0.8594598031884584,0.7539600171433449,1,3.5839257632166697,0.5929349750988254
2000-06-29,20,-0.008580721637060584,0.7389890895549058,0.7832890088024927,1,3.1574117593308024,0.18899163633811647
2000-06-30,20,0.008429488744993385,0.7671863690294092,0.7493842353121656,1,3.283205740635419,0.781762777682456
2000-07-03,20,0.010218477910975743,0.7345898725409832,0.7789088031604503,1,3.095463398965229,0.8306207488037183
2000-07-05,20,-0.01598925608691104,0.7629751815436661,0.9727639402766864,1,2.360084235046255,0.07169512876526908
2000-07-06,20,0.007192838203922136,0.949350067607291,0.93347744214775,1,3.3373689354097715,0.7189045987083318
2000-07-07,20,0.015145559424296628,0.9115795100582844,0.9796635521133064,1,2.682405854330257,0.8946275608817361
2000-07-10,20,-0.00222032773343539,0.9559834454432481,0.9198843781008632,1,3.4928074570780168,0.41370112996004116
2000-07-11,20,0.0035582652121410874,0.8985109589707008,0.8210098349132506,1,3.53127142551568,0.6118024315531165
2000-07-12,20,0.008097428062970202,0.803451668846576,0.7783139943016919,1,3.308820646529564,0.7669865532985949
2000-07-13,20,0.0019539882286059296,0.7624033244604346,0.6081115564822436,1,3.69282990808019,0.5600092091541359
2000-07-14,20,0.009408483745136031,0.5987684555153284,0.6176431912246784,1,3.17345987796873,0.8337573191081746
2000-07-17,20,0.000337695792274495,0.6079322948932667,0.42570334077499994,0,3.831795282801731,0.49046032094248837
2000-07-18,20,-0.011151059383673001,0.42339879069637476,0.6334768309782753,1,2.6409665634503043,0.08739196385233829
2000-07-19,20,-0.007917506158269028,0.6231549650218364,0.6486685528385114,1,3.2127863193688526,0.1841798767492761
2000-07-20,20,0.00914186912404169,0.637760486819869,0.6444494083441977,1,3.209726947235758,0.8209860790575216
2000-07-21,20,-0.010336947165775712,0.6337041456461904,0.7675364666965685,1,2.911362231333853,0.13407695941376266
2000-07-24,20,-0.010799974560513625,0.7520416672491117,0.8668388108143822,1,2.9278301381839658,0.14457456383909817
2000-07-25,20,0.006928119832164903,0.8475122508308677,0.8004351410634788,1,3.3893648756675674,0.7267417370633835
2000-07-26,20,-0.015067472411811167,0.7836708867683279,0.9663701101640705,1,2.4892809929337774,0.08412442806899585
2000-07-27,20,-0.0019296776535497884,0.9432029549928109,0.8960074783123189,1,3.510213527563522,0.42199940126335833
2000-07-28,20,-0.020722049297008382,0.8755553925418664,0.9983052023946883,1,1.8919409302985137,0.03868308450659061
2000-07-31,20,0.007675291650055982,0.9739057739351017,0.9677391930976246,1,3.3043414696707014,0.7284442466674894
2000-08-01,20,0.0050681024362555505,0.9445192093853875,0.9084012229415811,1,3.440499009861053,0.6564283178767962
2000-08-02,20,0.00041713015065347747,0.8874709021205236,0.790234334324527,1,3.591490530358253,0.5005626989499046
2000-08-03,20,0.009587588919424128,0.7738636966055559,0.7931560850998924,1,3.1690865785537574,0.809878962397654
2000-08-04,20,0.007113757023062384,0.776672706343268,0.7202651846230997,1,3.3994531600238385,0.7430157039391219
2000-08-07,20,0.011141248729387598,0.7065944330845529,0.7896152107764036,1,2.9802360012412246,0.8542483534602647
2000-08-08,20,0.0023496695617160057,0.7732684630592216,0.6252797015673279,1,3.674383339434113,0.5753472219013468
2000-08-09,20,-0.006719313970043217,0.6152741366737174,0.5896525205959301,1,3.355487750664642,0.21477150915935242
2000-08-10,20,-0.008605224386115218,0.5810216949118515,0.6402208498657628,1,3.1171725395928025,0.16029783614669954
2000-08-11,20,0.007905664808428803,0.6296387537439931,0.5861068258684067,1,3.358342337593257,0.7892487013992557
2000-08-14,20,0.013309233375264462,0.5776128172277779,0.7869860527900971,1,2.612681519096283,0.9086023191467272
2000-08-15,20,-0.004791691935959186,0.7707407558886484,0.6948877265364135,1,3.493381441740688,0.3017666669377164
2000-08-16,20,-0.003090128897738964,0.68219621011327,0.5483214401707207,1,3.6557953846738265,0.34931220805858293
2000-08-17,20,0.010900938613173317,0.5412854489721005,0.6352216343332898,1,2.9481693920001053,0.8748872938781727
2000-08-18,20,-0.0029118532919625295,0.6248324419839211,0.48124151037083285,0,3.7023376672382677,0.348935793639943
2000-08-21,20,0.0051885647292309045,0.47679391957758255,0.34938941042895,0,3.70860603356997,0.7177504799105779
2000-08-22,20,-0.0009007176325610544,0.35002957136645674,0.20975354477966826,0,3.9826755774668228,0.41616123935818483
2000-08-23,20,0.005219545154407257,0.21578180812469092,0.13988647657962552,0,3.830152527045576,0.7513083930891952
2000-08-24,20,0.0015526098902993724,0.14861068710572736,0.07724752390558896,0,4.12480319641652,0.5542981462376204
2000-08-25,20,-0.0012339292255436618,0.08838877170315336,0.04622409460868872,0,4.115803195039193,0.3776587721263319
2000-08-28,20,0.005058708901477971,0.05856243753154043,0.03493954016579373,0,3.9182758396721313,0.762749248045891
2000-08-29,20,-0.002810913479051713,0.047713318029939264,0.02693246295172242,0,4.015208061082285,0.2809299232925911
2000-08-30,20,-0.004813399148074993,0.040015208370970626,0.02753526805630958,0,3.762842149084711,0.18075618492858056
2000-08-31,20,0.00999256726248099,0.040594753150424365,0.04888982423186525,0,2.982618336137217,0.9360042846819565
2000-09-01,20,0.0020339324756024624,0.06112530515623514,0.03058458003814081,0,4.158264322132253,0.5868200211995335
2000-09-05,20,-0.009042781701856129,0.04352640191475646,0.06028265838899837,0,2.862273303101177,0.05650469590265099
2000-09-06,20,-0.009888955769277175,0.07207852620347671,0.11732882256356518,0,2.6464035131810384,0.04809253109681247
2000-09-07,20,0.006851994912499215,0.12692346096539,0.09407019775486324,0,3.6350394880106776,0.8324253604232434
2000-09-08,20,-0.005345340237265184,0.1045623122581507,0.07839847256872112,0,3.6581877408969268,0.1698491323772741
2000-09-11,20,-0.00351235044841669,0.08949530893062811,0.05462898604288083,0,3.9209317890104893,0.2493634077733846
2000-09-12,20,-0.004893573080636315,0.06664301102949956,0.0467078431808202,0,3.741767368931301,0.18173762443173286
2000-09-13,20,0.0019683851446323786,0.05902751979015701,0.02945293739862533,0,4.161767610247678,0.5826884555199148
2000-09-14,20,-0.0027244114525553087,0.04243842575306219,0.023736435136328327,0,4.026124847952064,0.2850982048234669
2000-09-15,20,-0.010221762205412155,0.03694250506884925,0.06642705733546928,0,2.5242336710114825,0.03781761642346461
2000-09-18,20,-0.01463782698861582,0.07798583240445361,0.36608510242349834,0,1.1952660241756403,0.013027355855469578
2000-09-19,20,0.010597776512945245,0.3660810298912394,0.44352370357076865,0,2.9370439897968152,0.8962929611982033
2000-09-20,20,-0.005880672612838644,0.44053152256554573,0.3824765682494092,0,3.4906881128423515,0.209187550729364
2000-09-21,20,-0.001579098311505156,0.3818400013642944,0.23902166086539095,0,3.9320983059287817,0.3831617628177122
2000-09-22,20,-0.00022776134850310825,0.24392056101986323,0.13474596772941108,0,4.067944330124127,0.44783667219620477
2000-09-25,20,-0.0067111324520521265,0.1436685340861078,0.13084250511910997,0,3.4068452893986536,0.1297936792733915
2000-09-26,20,-0.008247785953379605,0.1399156936400366,0.16242979535933746,0,3.0855011822431484,0.0892906030655214
2000-09-27,20,-0.0004485279248784835,0.17028413116073607,0.09060895457343031,0,4.104455819393905,0.4310548335278135
2000-09-28,20,0.021991554793635792,0.10123462740453106,0.8871717311409283,1,-0.23578754340083563,0.9958552470274952
2000-09-29,20,-0.015047955636871002,0.8670605886545312,0.9809089084830869,1,2.5774369156852632,0.09293939667424599
2000-10-02,20,-0.00019493584583862855,0.9571807474852738,0.9151279020242523,1,3.5195357436179533,0.4814762909481174
2000-10-03,20,-0.006825774312250843,0.8939380201255921,0.8851990875133502,1,3.317823739876623,0.26218051851893887
2000-10-04,20,0.005495018685719444,0.8651640630488487,0.7958954489972239,1,3.471062822921454,0.6798870802462914
2000-10-05,20,0.001365568386107796,0.7793063669304817,0.6281259599037785,1,3.6875498797725563,0.5360789916763151
2000-10-06,20,-0.019183302031864358,0.6180105669847984,0.9851799192067581,1,1.76147106777062,0.03542241858374402
2000-10-09,20,-0.004951949272960832,0.9612869535360501,0.9449554639876809,1,3.4014567607613673,0.3282526001669152
2000-10-10,20,-0.01076362554691368,0.9226146316675211,0.9620494844705371,1,3.0306845186077793,0.17237005833788657
2000-10-11,20,-0.016303543621838834,0.9390490484555133,0.9948319819345239,1,2.511342979899391,0.08377144586693311
2000-10-12,20,-0.025840502200064286,0.9705665739677113,0.9999767721968699,1,1.2007786056253265,0.016548190732539846
2000-10-13,20,0.032836397475617396,0.9755128431934323,0.9999994137739789,1,-0.01769709285675436,0.9958812959038896
2000-10-16,20,0.000327416793585833,0.9755346111043415,0.9501597273648968,1,3.5018308979544095,0.49961388018151426
2000-10-17,20,-0.018094959305504865,0.9276180791304178,0.9969658604998594,1,2.291060443240713,0.06304767211688696
2000-10-18,20,-0.005824465780565724,0.9726181129694843,0.965166091077943,1,3.3593407668158557,0.3045541031212051
2000-10-19,20,0.0341533584652165,0.94204539516059,0.9999994486620284,1,-0.33924112434103737,0.9971099776390256
2000-10-20,20,0.005865708980616446,0.9755346446461723,0.9618657701646126,1,3.388685112715816,0.6766898373193423
2000-10-23,20,-0.0008235728485956884,0.9388724230983302,0.8830169284698646,1,3.5325244779377045,0.459089230504688
2000-10-24,20,0.0016822306761410388,0.8630661065584903,0.7518438216322509,1,3.6073469831370084,0.5468966522774771
2000-10-25,20,-0.02405446359399832,0.7369545512747466,0.9992387873008223,1,1.2222263107683609,0.017821600872110602
2000-10-26,20,-0.00033707783153147375,0.9748033347792443,0.9493045360451887,1,3.500567398630556,0.4775484884852631
2000-10-27,20,0.01103501697134579,0.9267958869143941,0.9506364410910909,1,3.073431594080529,0.8184746792700711
2000-10-30,20,0.013735530390521333,0.92807639799535,0.9752017556354939,1,2.835533034837833,0.8704024363902877
2000-10-31,20,0.021740140393392338,0.9516938154516902,0.9991826931068497,1,1.9216546785272413,0.9606201134783573
2000-11-01,20,-0.005739118123332609,0.9747494050811926,0.9674653954794654,1,3.3625665041861814,0.3073873954138882
2000-11-02,20,0.004983270768506465,0.944255976743488,0.9073185178916173,1,3.444032035150132,0.6538081514140577
2000-11-03,20,-0.0011418525168762628,0.8864299752029846,0.7953035717857618,1,3.5769482757809805,0.4442206565648668
2000-11-06,20,0.0038476653692409712,0.7787373283716338,0.650053640214992,1,3.615262675356976,0.6324665618158642
2000-11-07,20,-0.00022345900667719576,0.6390921280949977,0.46082972268733796,0,3.801528409557996,0.4660527463992062
2000-11-08,20,-0.01590234662253387,0.45716975763656975,0.9004601805891062,1,1.9344230692457427,0.04447485829362254
2000-11-09,20,-0.006506704050522671,0.8798362792485926,0.8639702037460922,1,3.3408205713796377,0.2685426304421511
2000-11-10,20,-0.024700111868566133,0.8447543341541831,0.9997270430189261,1,1.2536465963557264,0.01804159864027826
2000-11-13,20,-0.010834629254040884,0.9752727502674547,0.9884283196531098,1,3.0539605015703515,0.17923150034467425
2000-11-14,20,0.023181408240186663,0.9644100085764478,0.9997030353789675,1,1.7250508330470877,0.9691064623366474
2000-11-15,20,0.004948148412974973,0.9752496690057019,0.9578039131116186,1,3.4232493242237307,0.649052814911697
2000-11-16,20,-0.012664308892126108,0.9349673001455938,0.9811197827419208,1,2.8743038989395946,0.1377063985743509
2000-11-17,20,-0.0033576183716634844,0.9573834847794646,0.9286467309546109,1,3.4615971406314037,0.377030786107064
2000-11-20,20,-0.018522191007211752,0.906935200592873,0.9966747690855513,1,2.216591185077763,0.057631491514861424
2000-11-21,20,0.0035167714695161223,0.972338253843836,0.9478249120777901,1,3.4674775629044112,0.6044084758694841
2000-11-22,20,-0.018721681317297012,0.9253733569136771,0.9976007031699466,1,2.210998954338865,0.05694872703326836
2000-11-24,20,0.014571618836856537,0.9732284590870334,0.9930061470019957,1,2.78906300345625,0.8789025752905206
2000-11-27,20,0.005351700412830951,0.9688111921780769,0.9489871304331801,1,3.413084850823074,0.6621557487532712
2000-11-28,20,-0.009593900168028746,0.9264907289719526,0.9526554089367874,1,3.125253825646419,0.1984369694868461
2000-11-29,20,0.004361438120282557,0.9300174603154172,0.8792565581592886,1,3.4780125153311765,0.6355885513285602
2000-11-30,20,-0.020310234142105088,0.8594508369369769,0.997630201316527,1,1.9303448818065307,0.04073352714832458
2000-12-01,20,0.00021291318545291205,0.9732568189942805,0.9457238425841747,1,3.504135662497933,0.49574642018309184
2000-12-04,20,0.007378262393821444,0.9233533609862568,0.9025607309193172,1,3.3348101065436806,0.7281244457362133
2000-12-05,20,0.03818328671402149,0.8818557760454675,0.9999999496018169,1,-1.3530549089911066,0.9990461723114125
2000-12-06,20,-0.018387614834435517,0.9755351262562932,0.9991368816407932,1,2.3036148771839238,0.0632853477460313
2000-12-07,20,-0.005870124944838295,0.9747053613334038,0.9680132745312429,1,3.35669161190921,0.30360943858367734
2000-12-08,20,0.019415080038481136,0.9447827148912135,0.9973888047534449,1,2.2251728611712775,0.9423556470901906
2000-12-11,20,0.00749797155870624,0.9730247371541506,0.965786111437632,1,3.313910572242592,0.7237303748619581
2000-12-12,20,-0.006556733213653132,0.9426414909133937,0.9349503650586167,1,3.3285668906500088,0.278445589260456
2000-12-13,20,-0.008194336210959996,0.9129955975748546,0.9252378249564375,1,3.224382094017665,0.2295682433924168
2000-12-14,20,-0.01411394369352692,0.903657833397645,0.9816973785395606,1,2.7092799060452717,0.11008257075507366
2000-12-15,20,-0.021696389831126872,0.9579387929986707,0.9996749173550892,1,1.8428791836699947,0.03570981757617299
2000-12-18,20,0.008038329510870135,0.9752226359666262,0.9710010208934794,1,3.2843760933755903,0.7380241643900594
2000-12-19,20,-0.013042637538261737,0.9476551736567244,0.9865642117216489,1,2.8495532408129622,0.1327664244133216
2000-12-20,20,-0.0317961377699838,0.962617830620761,0.9999994158688549,1,0.05405272863126598,0.0044702559198242595
2000-12-21,20,0.007969801202206916,0.9755346131183827,0.9710584176701165,1,3.2880916680891397,0.7361419681751104
2000-12-22,20,0.02410969102695315,0.9477103556749328,0.9997229315506829,1,1.565507059009029,0.9744157748454432
2000-12-26,20,0.007035082197664799,0.9752687974476494,0.9665312122605879,1,3.3365396410994284,0.7105119951102342
2000-12-27,20,0.01038544039891498,0.9433578406735811,0.9564448803447366,1,3.129333154479431,0.8014568601725129
2000-12-28,20,0.0039802691537973445,0.9336607081158323,0.8823005512400062,1,3.4880971214995364,0.6228154507174856
2000-12-29,20,-0.010503016121381492,0.8623773720396141,0.925743022031886,1,3.020361578036553,0.16807447022632072
2000-01-03,60,-0.009594974568010173,0.0401349424335657,0.06259214058475517,0,2.7086361332695996,0.04695335338989352
2000-01-04,60,-0.039099226875721094,0.07430757315826757,0.9999994854382441,1,-4.220424231008074,5.2389144781878275e-05
2000-01-05,60,0.001920379811527262,0.9755097194617052,0.9506061322888563,1,3.4928643812627227,0.5523182617777485
2000-01-06,60,0.0009552460841302235,0.9280240707565426,0.8601062732097154,1,3.5500873333190572,0.5202533975890563
2000-01-07,60,0.026729935262678417,0.8410195601880581,0.9997738344926367,1,1.0147218138616965,0.9863615325161436
2000-01-10,60,0.01112782129832901,0.9752927837638858,0.9839548361333261,1,3.0834010687248394,0.813083929853251
2000-01-11,60,-0.013148634269231074,0.9600847577631834,0.9901785605283389,1,2.8496346578554363,0.13255830707781366
2000-01-12,60,-0.00439597894777588,0.9660681051452792,0.9484209388765978,1,3.4209255180693976,0.3458978935509541
2000-01-13,60,0.01209620811521539,0.9259232754043115,0.9607869449542619,1,2.9835466808206856,0.8405442940877603
2000-01-14,60,0.010614783884359547,0.9378116729932315,0.954313288086625,1,3.1103120795848045,0.8075100527974723
2000-01-18,60,-0.00685551038023835,0.9315880462043268,0.9260411106139333,1,3.3125460864021656,0.26819691617874947
2000-01-19,60,0.0005221501712568966,0.9044078164366118,0.8186873136152546,1,3.574855392408913,0.5047077663901203
2000-01-20,60,-0.007120558645266506,0.801200312462815,0.7951066034195547,1,3.3015040513833727,0.23730470599496234
2000-01-21,60,-0.002916595126569277,0.7785303528594524,0.6620188578420152,1,3.603183580211243,0.3683662514447263
2000-01-24,60,-0.028022615294881703,0.650582814769797,0.9998932105118111,1,0.41104984857993987,0.007061099770558439
2000-01-25,60,0.006046483729051921,0.9754075491594075,0.9624214663812345,1,3.3812324028738194,0.682040757163722
2000-01-26,60,-0.004221574646237514,0.9393830647966497,0.9075026316937899,1,3.4423111638112482,0.34710642371077366
2000-01-27,60,-0.003946270263199381,0.8865853435450158,0.8276554853049218,1,3.4845164715142163,0.3478243984240422
2000-01-28,60,-0.027840795963129494,0.8098221091870651,0.9999475394208177,1,0.6636359397126599,0.00913645952670426
2000-01-31,60,0.02490490367092768,0.9754597797394983,0.999916903110124,1,1.4681284311370804,0.9773423158467442
2000-02-01,60,0.010571692114229592,0.9754303266857075,0.9819748717699651,1,3.1239720922608427,0.800669369846702
2000-02-02,60,-0.0001135395970566222,0.9581812649607623,0.9168869080361519,1,3.5188507044925004,0.48427619558663326
2000-02-03,60,0.011185364792413388,0.8956071738386145,0.931061122848708,1,3.049329564102496,0.8264283336101265
2000-02-04,60,-0.000421150167315254,0.9092339422668458,0.8293311436639579,1,3.5655970918196225,0.4713452329575069
2000-02-07,60,-9.1272585639679e-05,0.8114330491033409,0.6743613723636728,1,3.659895212845541,0.4790271170553362
2000-02-08,60,0.012198507136646164,0.6624486281099278,0.7978742226878951,1,2.8265627660682955,0.8800808935837015
2000-02-09,60,-0.0210421933431002,0.7811910792112059,0.9971424591140047,1,1.7347021641656908,0.03268235095656978
2000-02-10,60,0.0036273298319899894,0.9727630391955585,0.9489315170281363,1,3.464323640888604,0.6079137125619727
2000-02-11,60,-0.021192326485726554,0.926414133651314,0.999245363569924,1,1.8819857134760296,0.03774100819059928
2000-02-14,60,0.002030925489038715,0.9747847238127637,0.9493185926772129,1,3.4922751391337132,0.5559749124262419
2000-02-15,60,0.008674870571246274,0.9267862593954154,0.922962615935127,1,3.2505594875721413,0.7625091447092235
2000-02-16,60,-0.0103093696588612,0.9014482215207457,0.9454684954476604,1,3.057216315060895,0.1785037585699054
2000-02-17,60,0.0004250827714562533,0.9230848632992583,0.8514564269741227,1,3.556148359319079,0.5016686053295845
2000-02-18,60,-0.03084707065542691,0.8327037943307624,0.9999940409061948,1,0.10648608428999395,0.00482776679893801
2000-02-22,60,0.004506615589443541,0.97550448521216,0.9566655680984785,1,3.4374043746915,0.6353844415146297
2000-02-23,60,0.006281214667972712,0.9338494748212749,0.9035998256174087,1,3.3917588599540043,0.6948287536839071
2000-02-24,60,-0.005349813063087794,0.8828332743597774,0.8459724454053664,1,3.412652515158903,0.30299271749914736
2000-02-25,60,-0.014940038714278181,0.8274316189129091,0.9732373043648963,1,2.5494089402080675,0.09025073971266788
2000-02-28,60,0.010957031538572082,0.9497811659620184,0.9658263212872703,1,3.087504425191088,0.8132471314811877
2000-02-29,60,0.013535077157034614,0.9426564150280273,0.9793007268489411,1,2.864423205612689,0.8650857002608073
2000-03-01,60,0.009302189373569192,0.9556104027250606,0.958044848672359,1,3.208206671550262,0.7737053772520444
2000-03-02,60,0.0018616785832916705,0.9351754838613789,0.8743794343938159,1,3.534829080381085,0.5515067330848588
2000-03-03,60,0.01964282967966202,0.8547414534122431,0.9931228456449578,1,2.1006582672386385,0.9496589762570163
2000-03-06,60,-0.012776691866462464,0.9688986740340273,0.991488518366215,1,2.8898567412858487,0.14027143658846475
2000-03-07,60,-0.025965272460889643,0.9673274688803111,0.9999759843743237,1,1.1762428469119048,0.016090467951751994
2000-03-08,60,0.008140160732057033,0.9754871260722232,0.9717622265501816,1,3.2786209460504123,0.740686539713035
2000-03-09,60,0.025279576478616228,0.9483630596287539,0.9998531167863917,1,1.3791350437190664,0.9795055293936858
2000-03-10,60,-0.004734058241369965,0.9753690039617411,0.963812707138584,1,3.4035766154794995,0.3371399779742572
2000-03-13,60,-0.008241340204650172,0.9407205720856971,0.9497321044571783,1,3.2255178937573334,0.233391522349954
2000-03-14,60,-0.017843748667171866,0.9271838002357687,0.9966092325099192,1,2.321197874029615,0.0655534560753358
2000-03-15,60,0.023989810373332254,0.9722504072402978,0.9998474726123902,1,1.6097371589882576,0.9731541446459971
2000-03-16,60,0.046538626308898934,0.9753635777809542,0.999999999995806,1,-3.556055442838243,0.9999114629831765
2000-03-17,60,0.00410546123246025,0.975510214145667,0.9553689992656099,1,3.449257494181924,0.6228300270124367
2000-03-20,60,-0.005367853770868791,0.9326029829717856,0.9100036625587721,1,3.3938619409440065,0.3109807173939584
2000-03-21,60,0.025244519701191237,0.8889897778561694,0.9996567193066501,1,1.3204157227596713,0.9806567476748465
2000-03-22,60,0.004521615579435867,0.9751801918820798,0.9561547495158722,1,3.437193227754597,0.6358859371566387
2000-03-23,60,0.01764252379054998,0.9333583854293004,0.993608960817377,1,2.4285884406013003,0.9249150491695406
2000-03-24,60,7.20175723190053e-05,0.9693660141281071,0.9382036827518945,1,3.507886937777241,0.49093386082752766
2000-03-27,60,-0.002359635613678357,0.9161006372529604,0.853552121648662,1,3.522594012935612,0.4046336283359783
2000-03-28,60,-0.01064138106524215,0.8347185476277794,0.9123328376702519,1,2.992474378119949,0.16083830445124858
2000-03-29,60,0.0005238292701630343,0.8912289939462782,0.7963498556551822,1,3.58783778172387,0.5045137696817935
2000-03-30,60,-0.013749866207868777,0.779725587342407,0.9472595734334937,1,2.631565543709244,0.10077189070800766
2000-03-31,60,0.007138821544879548,0.9248067650252173,0.9013534713673369,1,3.348565340134075,0.7211274651765672
2000-04-03,60,0.00491921579095056,0.8806736803661558,0.8091610382566636,1,3.490701104478953,0.659255122369281
2000-04-04,60,-0.007491620335110305,0.792041967537769,0.7968346882525191,1,3.2692758581402206,0.2257245408541478
2000-04-05,60,-0.004936128864951428,0.7801916943979116,0.7100504851219095,1,3.4790290930990593,0.2986248967739339
2000-04-06,60,0.009348582996253185,0.696759331129238,0.7108754329660933,1,3.1879529838673344,0.8165344744185039
2000-04-07,60,0.009948088629283092,0.6975524172639357,0.7351942122405843,1,3.118765747308093,0.830449221056183
2000-04-10,60,-0.007872101457462755,0.7209319397287145,0.7408713600934136,1,3.2280568812398998,0.20301967399048235
2000-04-11,60,-0.00257566572235568,0.7263898208280474,0.59011762913514,1,3.655690003824852,0.3747885718685914
2000-04-12,60,-0.022522988905343766,0.5814586053338043,0.9965170099529118,1,1.2253613097226528,0.018712889772804234
2000-04-13,60,-0.0183381576485111,0.9721617465670389,0.9989936410598627,1,2.3064709626157534,0.06357809378409686
2000-04-14,60,-0.060045133935631156,0.9745427235045887,1.0,1,-8.501706431342823,4.937592129433886e-07
2000-04-17,60,0.032548195815906844,0.975510214149699,0.999999280626174,1,0.04381956836101253,0.9955874579111064
2000-04-18,60,0.02826026515219482,0.9755095225600293,0.9999878893758218,1,0.8900475642287256,0.9884715035914321
2000-04-19,60,-0.009856898019463323,0.9754985712704721,0.9854256664878868,1,3.1256444423330905,0.20078756937127695
2000-04-20,60,0.004940593765386581,0.9614987806846547,0.9349598737874347,1,3.4333550182483155,0.6504394299898659
2000-04-24,60,-0.003267702949568907,0.9129821129347769,0.8577114108767476,1,3.4956611971630465,0.3738759715645486
2000-04-25,60,0.03273432295529588,0.8387171938940227,0.999995170295787,1,-0.14672659447903502,0.9963701546409532
2000-04-26,60,-0.01119657221831627,0.9755055709816818,0.9895710595581936,1,3.0261404952235704,0.17172073121767384
2000-04-27,60,0.0026863453512833146,0.9654840675001912,0.9327040584109048,1,3.491576578094679,0.5779266223141758
2000-04-28,60,-0.008562617657917215,0.9108134232289044,0.9285109798612704,1,3.197427663416816,0.2200612904186752
2000-05-01,60,0.010833199608955013,0.9067822926757935,0.9339427960818267,1,3.083334827643601,0.8171575243471668
2000-05-02,60,-0.015069558541687122,0.9120043175118121,0.9879918518737159,1,2.61866117592386,0.09728367693432398
2000-05-03,60,-0.021801456902616145,0.9639658530734283,0.9997374870281271,1,1.8340566434418069,0.03528197177798351
2000-05-04,60,-0.003915506636260169,0.9752578401364345,0.960216637691022,1,3.432136714035213,0.36210204170424587
2000-05-05,60,0.016227222585557755,0.9372633925338284,0.9900822794359246,1,2.590577961160013,0.9071336218379024
2000-05-08,60,-0.005922728038695979,0.9659755426881911,0.957397174677064,1,3.3565413115398908,0.30057922667296094
2000-05-09,60,-0.008482903589146495,0.9345528247816637,0.9469828388466162,1,3.20808248199907,0.22625898119700977
2000-05-10,60,-0.02081507897858703,0.9245407186740556,0.9990687245404992,1,1.9329047632467034,0.0402039199585753
2000-05-11,60,0.0177441001293257,0.9746149070588067,0.9977464860403191,1,2.456109600345627,0.9228768219436387
2000-05-12,60,0.009297394079674781,0.9733437369737531,0.9748090498209719,1,3.209529140755194,0.7707297411151139
2000-05-15,60,0.021857120028318633,0.9512922063717556,0.9992192514397065,1,1.9048024896343185,0.9614216843752381
2000-05-16,60,0.009375068665455899,0.9747596202034036,0.9764892261019524,1,3.2046662804346173,0.7724208410279627
2000-05-17,60,-0.012519725344927402,0.9529074897156518,0.985925348872068,1,2.9006995562049585,0.14275861983575075
2000-05-18,60,-0.007341428670045502,0.961979163988206,0.9620445650368833,1,3.28286213656862,0.2605720010017013
2000-05-19,60,-0.021279493308747455,0.9390207203981993,0.9994088005357292,1,1.8830133384968257,0.03767669427308088
2000-05-22,60,-0.0044378507621862795,0.9749418484023861,0.9619063541417798,1,3.414649470750347,0.3460283883085523
2000-05-23,60,-0.01936209381243703,0.9388878475804284,0.9985399113478314,1,2.143343616600621,0.05209479699076728
2000-05-24,60,0.01816913853535773,0.9741065180571179,0.9980437122846469,1,2.406114763532542,0.9277491893938926
2000-05-25,60,-0.01260909256456788,0.9736294835393166,0.9924394776226689,1,2.908074460246378,0.14395082490426686
2000-05-26,60,-0.0025366560200357213,0.9682416995268582,0.9428085923330646,1,3.475279337778422,0.40479631753610307
2000-05-30,60,0.03173305074146704,0.9205276928130302,0.9999956331584611,1,0.15596213849339957,0.9949597616648536
2000-05-31,60,-0.0013014194341360863,0.9755060159673515,0.9523101876373975,1,3.4908628702241935,0.4457886535199218
2000-06-01,60,0.01966321224561618,0.9296623108940414,0.9969526229608072,1,2.1782467748690943,0.945484005359242
2000-06-02,60,0.019446490728459054,0.9725805350263232,0.9987548448772228,1,2.2489180409721037,0.9409710125072536
2000-06-05,60,-0.006540165728379677,0.9743131502742256,0.9706593173022959,1,3.324846578080188,0.28463022121809256
2000-06-06,60,-0.006692966631606012,0.9473027477090432,0.9414543753888388,1,3.3203302270766226,0.2755199904589616
2000-06-07,60,0.009231254956962864,0.9192257793776414,0.9225488793520468,1,3.2113057084201255,0.7778116045057264
2000-06-08,60,-0.006607525497478228,0.9010504645597797,0.8892688893931534,1,3.331205186985705,0.26954801705365217
2000-06-09,60,-0.003234408120834864,0.869055837523228,0.7917361099244251,1,3.527171609548807,0.36903387888280026
2000-06-12,60,-0.007544085797738909,0.7752900369086664,0.7820275671592366,1,3.263958719570993,0.22130683044317775
2000-06-13,60,0.016080252092327108,0.7659564642355889,0.9541267587148134,1,2.4409962260876674,0.9216632592438997
2000-06-14,60,0.0007483044451523924,0.9314087210996664,0.8662106488371832,1,3.547378564217264,0.5130838340458526
2000-06-15,60,0.005553931008342339,0.8468881683737302,0.7717928156226859,1,3.478390952501842,0.6841583507648666
2000-06-16,60,-0.009697037445888235,0.756117006392357,0.8352590830619876,1,3.0468109206678387,0.16715540508081386
2000-06-19,60,0.01460137245906079,0.8171320355023605,0.9462657182656646,1,2.6596690710943096,0.8972499448861486
2000-06-20,60,-0.006786096029822275,0.9238512952230234,0.9168358793722726,1,3.317447794137642,0.2687068350783483
2000-06-21,60,0.002152226828039616,0.895558116039288,0.8065352477371043,1,3.569092227671173,0.5629410268563687
2000-06-22,60,-0.018388201432298246,0.7895175921262023,0.9909032226322636,1,2.100369487376527,0.051337996243205994
2000-06-23,60,-0.007395512097768453,0.9667647788453384,0.9671372575603674,1,3.2798175220452306,0.26000215045078673
2000-06-26,60,0.009548572785259779,0.9439167194084744,0.9492766956620553,1,3.1903712390853025,0.7816276004321927
2000-06-27,60,-0.0032761414916500087,0.9267459805559215,0.8791413505422817,1,3.48574762425008,0.3754724089307251
2000-06-28,60,0.002939386773042507,0.8593194515227497,0.7537326842910405,1,3.5839988210973805,0.5929455035009218
2000-06-29,60,-0.008580721637060584,0.738754406015949,0.7830828402477834,1,3.157342982638145,0.18896515323405205
2000-06-30,60,0.008429488744993385,0.7669709798328432,0.7491415873343487,1,3.2831981958471435,0.7817911939613224
2000-07-03,60,0.010218477910975743,0.7343406295995667,0.7786727630481279,1,3.0953866926841247,0.8306529676962746
2000-07-05,60,-0.01598925608691104,0.7627312317025206,0.9727297285347601,1,2.3598761451283177,0.07168641994617636
2000-07-06,60,0.007192838203922136,0.9492931940786725,0.933398928623795,1,3.3373370646026714,0.71890872580224
2000-07-07,60,0.015145559424296628,0.9114814556810683,0.9796372057211363,1,2.6823264759498056,0.8946285281657447
2000-07-10,60,-0.00222032773343539,0.9559338858761933,0.9197948331177808,1,3.492796889267714,0.41370864477239416
2000-07-11,60,0.0035582652121410874,0.8984027870149367,0.8208257578001752,1,3.5313104629401932,0.6118123113942067
2000-07-12,60,0.008097428062970202,0.803256164168886,0.7780857365445705,1,3.3088184049794007,0.7670118348087334
2000-07-13,60,0.0019539882286059296,0.7621668777449295,0.6077864899492683,1,3.692989262221286,0.5600185296902637
2000-07-14,60,0.009408483745136031,0.5984450471147975,0.6173041392588067,1,3.1734233350300167,0.8338029102142941
2000-07-17,60,0.000337695792274495,0.6075950991520578,0.4253451018219051,0,3.8320189875751574,0.49045380682133033
2000-07-18,60,-0.011151059383673001,0.42305003718914397,0.6331497769528528,1,2.640670924282796,0.08734704065031915
2000-07-19,60,-0.007917506158269028,0.6228287356045787,0.6483514290253487,1,3.212731362109486,0.18413346027843783
2000-07-20,60,0.00914186912404169,0.6374432588961928,0.644114470247486,1,3.2097024032619093,0.8210307889242471
2000-07-21,60,-0.010336947165775712,0.6333699428875521,0.7672821135222522,1,2.911169190098743,0.13403564107319313
2000-07-24,60,-0.010799974560513625,0.7517805197661703,0.8666791907819787,1,2.9276750397636855,0.1445490158655301
2000-07-25,60,0.006928119832164903,0.8473386139656078,0.8002076638726566,1,3.3893871292846702,0.7267633350996827
2000-07-26,60,-0.015067472411811167,0.7834343966073467,0.9663264056791253,1,2.4890871308240095,0.0841147191011111
2000-07-27,60,-0.0019296776535497884,0.9431371848126325,0.8958894603431671,1,3.5102183435519914,0.42200494186147497
2000-07-28,60,-0.020722049297008382,0.875420704176624,0.9983032784664079,1,1.8919474944251626,0.03868779457160353
2000-07-31,60,0.007675291650055982,0.9738790245754467,0.9677037278380027,1,3.3042965614057067,0.7284432300896932
2000-08-01,60,0.0050681024362555505,0.9444613110770002,0.9083032108227167,1,3.4404831031560272,0.656434059990781
2000-08-02,60,0.00041713015065347747,0.8873550021499282,0.7900334545438535,1,3.591550663837601,0.5005668040056254
2000-08-03,60,0.009587588919424128,0.7736531426686005,0.7929439018224536,1,3.169037687177095,0.8099057735730044
2000-08-04,60,0.007113757023062384,0.7764511806278478,0.719991504460121,1,3.399491558927748,0.7430445046479306
2000-08-07,60,0.011141248729387598,0.7063164015034205,0.7893766034071457,1,2.9801105133093273,0.8542832565945406
2000-08-08,60,0.0023496695617160057,0.7730216608934117,0.6249356731459096,1,3.6745492035818765,0.5753596492239801
2000-08-09,60,-0.006719313970043217,0.6149318826287431,0.5893002315113447,1,3.355498891704496,0.21472133779752742
2000-08-10,60,-0.008605224386115218,0.5806727778096314,0.6398912249167291,1,3.117072659355106,0.1602476942391061
2000-08-11,60,0.007905664808428803,0.6293098106757239,0.5857442310195736,1,3.358385536085402,0.7892949518998189
2000-08-14,60,0.013309233375264462,0.5772541196424704,0.7867225371768249,1,2.612378609350606,0.9086423584099244
2000-08-15,60,-0.004791691935959186,0.7704701018552539,0.6945582909208914,1,3.4934611445852313,0.301735230551686
2000-08-16,60,-0.003090128897738964,0.681865487229296,0.547935708273963,1,3.6559618430082588,0.3492775830516916
2000-08-17,60,0.010900938613173317,0.5409058639626176,0.6348454895893829,1,2.9480243418414807,0.8749392711600323
2000-08-18,60,-0.0029118532919625295,0.6244589552480931,0.4808355187178165,0,3.7025305687760492,0.3488957636869471
2000-08-21,60,0.0051885647292309045,0.47639726460358656,0.3490113364275944,0,3.7087942090549326,0.7177942173756144
2000-08-22,60,-0.0009007176325610544,0.3496644875810089,0.20948024412715294,0,3.982875324849494,0.4161357257056469
2000-08-23,60,0.005219545154407257,0.21552246218768945,0.13969324754124524,0,3.8302700246962003,0.7513333680189734
2000-08-24,60,0.0015526098902993724,0.14843082752899112,0.07714214577006645,0,4.12489236953479,0.5542945581919626
2000-08-25,60,-0.0012339292255436618,0.08829561792207094,0.04617124674308128,0,4.115833154085674,0.37764647272960117
2000-08-28,60,0.005058708901477971,0.05852089850121085,0.03491167693486684,0,3.9183015374719643,0.762745855323628
2000-08-29,60,-0.002810913479051713,0.04769620363048506,0.026921702589646164,0,4.0151952964243485,0.28092392735732347
2000-08-30,60,-0.004813399148074993,0.04001482363239289,0.02753440766541857,0,3.7628206413987186,0.18075421995998153
2000-08-31,60,0.00999256726248099,0.04060386438652034,0.04889645157558633,0,2.98266533826782,0.9359982538178317
2000-09-01,60,0.0020339324756024624,0.06114084857697423,0.030590849594578064,0,4.158248417045271,0.586811245673743
2000-09-05,60,-0.009042781701856129,0.0435422582893768,0.06030453897560887,0,2.8622645707110843,0.05650813585891227
2000-09-06,60,-0.009888955769277175,0.07210832488976585,0.11737613216100763,0,2.6464120506190207,0.04809899170987933
2000-09-07,60,0.006851994912499215,0.12697565930314902,0.09410350331824358,0,3.635039316480645,0.8324104594333022
2000-09-08,60,-0.005345340237265184,0.10460188212040224,0.07842764622080854,0,3.6581542551911292,0.1698558152725836
2000-09-11,60,-0.00351235044841669,0.08953146888018765,0.054650360024576065,0,3.920894242065673,0.2493662846565559
2000-09-12,60,-0.004893573080636315,0.06667252557132665,0.04672800757057738,0,3.741735874911204,0.18174123537966655
2000-09-13,60,0.0019683851446323786,0.059056155724734716,0.02946598614459417,0,4.161744517686403,0.5826793056340819
2000-09-14,60,-0.0027244114525553087,0.04246084009803308,0.02374841843802806,0,4.026094152301283,0.2850968972838592
2000-09-15,60,-0.010221762205412155,0.036964100268671134,0.06646554587962343,0,2.5242406318080874,0.03782193064366912
2000-09-18,60,-0.01463782698861582,0.07803137709942823,0.3662429817862105,0,1.195475234855845,0.013033863148370378
2000-09-19,60,0.010597776512945245,0.3662306003459474,0.4436597307095681,0,2.9371078866827247,0.896264038556402
2000-09-20,60,-0.005880672612838644,0.44065730573992806,0.38259344945891016,0,3.490631860066094,0.20921706233469567
2000-09-21,60,-0.001579098311505156,0.38194956888251774,0.23909866995237977,0,3.932004668096387,0.38317264046480326
2000-09-22,60,-0.00022776134850310825,0.2439969445675938,0.13478865345401767,0,4.067878477985226,0.44783686520443666
2000-09-25,60,-0.0067111324520521265,0.1437156620863228,0.13088490828930155,0,3.4068191084194357,0.12980395275125017
2000-09-26,60,-0.008247785953379605,0.13996269008287252,0.16248291869449713,0,3.0854926051250757,0.08930150845937214
2000-09-27,60,-0.0004485279248784835,0.17034030015006404,0.0906378474329578,0,4.104405098278461,0.43105349029309714
2000-09-28,60,0.021991554793635792,0.10127007920748946,0.8871990365155177,1,-0.23537541318292377,0.9958530467361122
2000-09-29,60,-0.015047955636871002,0.8670659279432585,0.980910717883611,1,2.5775036737815555,0.09295606820261597
2000-10-02,60,-0.00019493584583862855,0.9571582115660512,0.9150814491340179,1,3.5195006721843303,0.48148444961562736
2000-10-03,60,-0.006825774312250843,0.893871446626108,0.8851267716839072,1,3.3178017095987586,0.2621860987985533
2000-10-04,60,0.005495018685719444,0.8650736995654786,0.7957574665018111,1,3.4710702383760137,0.679896230043973
2000-10-05,60,0.001365568386107796,0.779156077854994,0.6279087585831163,1,3.687638109708578,0.5360838470603002
2000-10-06,60,-0.019183302031864358,0.6177901394920632,0.9851675275692071,1,1.7612567030305488,0.03541857697735756
2000-10-09,60,-0.004951949272960832,0.9612506117868582,0.9449035624739224,1,3.4014315891466875,0.32826369465971367
2000-10-10,60,-0.01076362554691368,0.9225417495598094,0.9620128544708669,1,3.0306512511911006,0.17237792663674137
2000-10-11,60,-0.016303543621838834,0.938990234579722,0.9948270102961992,1,2.5113667354576266,0.08378259127957581
2000-10-12,60,-0.025840502200064286,0.9705370192526614,0.9999767516159639,1,1.2010162352924638,0.016554103644015092
2000-10-13,60,0.032836397475617396,0.9754878636809231,0.9999994130928761,1,-0.0174053161666059,0.9958796477244873
2000-10-16,60,0.000327416793585833,0.9755096499105104,0.9501077869563134,1,3.5017966371104556,0.49962166308974676
2000-10-17,60,-0.018094959305504865,0.927544972864091,0.9969627959925765,1,2.291095394217141,0.06305695805055114
2000-10-18,60,-0.005824465780565724,0.9725903151481831,0.9651304656931857,1,3.3593125142824993,0.3045675893105345
2000-10-19,60,0.0341533584652165,0.9419874352527469,0.9999994480135679,1,-0.3389513389792045,0.9971088246190737
2000-10-20,60,0.005865708980616446,0.9755096834824708,0.9618246070878936,1,3.3886417898297214,0.6766908367683789
2000-10-23,60,-0.0008235728485956884,0.9388092578181221,0.8828986004707737,1,3.532530486134364,0.459095118626916
2000-10-24,60,0.0016822306761410388,0.8629315863308941,0.7516207146206937,1,3.60742289105804,0.5469035357981853
2000-10-25,60,-0.02405446359399832,0.7367240063073338,0.9992379818793257,1,1.2221415842518062,0.017822195556960144
2000-10-26,60,-0.00033707783153147375,0.9747776272229546,0.9492518793805743,1,3.5005345320089543,0.477556969804272
2000-10-27,60,0.01103501697134579,0.9267221227461265,0.9505809706754954,1,3.073375436835908,0.8184773994652796
2000-10-30,60,0.013735530390521333,0.9279998809525157,0.975171556500771,1,2.8354688465104765,0.8704023377101898
2000-10-31,60,0.021740140393392338,0.9516407120664014,0.9991816544837688,1,1.921688644115798,0.9606149122069045
2000-11-01,60,-0.005739118123332609,0.9747234753432513,0.9674317193050223,1,3.362537541824136,0.30740118329723026
2000-11-02,60,0.004983270768506465,0.9441998082467944,0.90722267206337,1,3.444015505347531,0.6538137274629224
2000-11-03,60,-0.0011418525168762628,0.8863161967101868,0.7951125611287366,1,3.5770003061801154,0.4442216539580021
2000-11-06,60,0.0038476653692409712,0.7785360804658458,0.6497725703207844,1,3.615372180687615,0.6324839167677578
2000-11-07,60,-0.00022345900667719576,0.6388095118839452,0.46051340205454916,0,3.8017105221402097,0.4660435298432283
2000-11-08,60,-0.01590234662253387,0.4568600428665115,0.9003533939234512,1,1.9339391717008274,0.04445450064298137
2000-11-09,60,-0.006506704050522671,0.8797122286089792,0.8638309538393459,1,3.340809076593415,0.26853738322521487
2000-11-10,60,-0.024700111868566133,0.8446003836114573,0.9997267600433676,1,1.2537063814146836,0.01804482167277233
2000-11-13,60,-0.010834629254040884,0.9752475274567421,0.9884165634797187,1,3.053954971733567,0.1792480628289413
2000-11-14,60,0.023181408240186663,0.9643741611723472,0.9997026903051222,1,1.725126652612886,0.9691010237549289
2000-11-15,60,0.004948148412974973,0.9752243873566705,0.9577586496461226,1,3.4232079013613337,0.6490550262053552
2000-11-16,60,-0.012664308892126108,0.9349003386130189,0.9810999687105709,1,2.87428255253516,0.13771643088948735
2000-11-17,60,-0.0033576183716634844,0.9573401530159261,0.9285743179516741,1,3.461578770055848,0.3770396377875824
2000-11-20,60,-0.018522191007211752,0.9068431844784105,0.9966714192285568,1,2.216611155027534,0.05763912373078909
2000-11-21,60,0.0035167714695161223,0.9723101921402301,0.9477700384040701,1,3.4674417638230395,0.6044126740805787
2000-11-22,60,-0.018721681317297012,0.9252975144626117,0.9975982687913948,1,2.211041003409814,0.05695757536212894
2000-11-24,60,0.014571618836856537,0.9732012442745192,0.9929981673605696,1,2.789038474778873,0.8788955250625176
2000-11-27,60,0.005351700412830951,0.9687788111610671,0.948931656847658,1,3.413048019261497,0.6621582961811886
2000-11-28,60,-0.009593900168028746,0.926414268070629,0.9526051871553325,1,3.1252193604708487,0.1984434580817797
2000-11-29,60,0.004361438120282557,0.9299459167353878,0.879132427860488,1,3.478012956598969,0.6355958747323319
2000-11-30,60,-0.020310234142105088,0.8593108734589789,0.9976276871990276,1,1.930335146737495,0.04073779259339236
2000-12-01,60,0.00021291318545291205,0.9732295264639484,0.9456674335315277,1,3.504104138925647,0.4957542236701064
2000-12-04,60,0.007378262393821444,0.9232761178580657,0.9024575096471095,1,3.3347854855236605,0.7281314995200598
2000-12-05,60,0.03818328671402149,0.8817350777114984,0.9999999495380084,1,-1.3527276988670458,0.9990457540392716
2000-12-06,60,-0.018387614834435517,0.9755101656366855,0.9991360472753044,1,2.3037058562540422,0.06329833790905043
2000-12-07,60,-0.005870124944838295,0.9746796296081173,0.9679804762229312,1,3.3566628273234658,0.3036233691888461
2000-12-08,60,0.019415080038481136,0.9447273706932948,0.9973857453817642,1,2.225171126325102,0.9423503431286283
2000-12-11,60,0.00749797155870624,0.9729969290918503,0.9657483695689858,1,3.313866231069487,0.7237297389394832
2000-12-12,60,-0.006556733213653132,0.942581474015231,0.9348821748371492,1,3.3285448524681334,0.27845321415098223
2000-12-13,60,-0.008194336210959996,0.912907414927398,0.9251610048125013,1,3.224350647494838,0.22957125026246533
2000-12-14,60,-0.01411394369352692,0.9035617026936599,0.9816783082055285,1,2.709242147276794,0.1100890216282019
2000-12-15,60,-0.021696389831126872,0.9578961554806062,0.9996746086084244,1,1.843012644626405,0.035718765234966414
2000-12-18,60,0.008038329510870135,0.9751973902507968,0.970969215529543,1,3.284330491560909,0.7380224682175197
2000-12-19,60,-0.013042637538261737,0.9476006768313867,0.9865501068623396,1,2.8495449307048157,0.1327784610882826
2000-12-20,60,-0.0317961377699838,0.9625797921407847,0.9999994153753565,1,0.05443617457748129,0.004472516047148879
2000-12-21,60,0.007969801202206916,0.9755096521048351,0.9710266507392864,1,3.2880460107221743,0.7361403105953288
2000-12-22,60,0.02410969102695315,0.9476558937385066,0.9997225942885382,1,1.5655788925269039,0.9744113484228571
2000-12-26,60,0.007035082197664799,0.9752435225945936,0.9664946943765423,1,3.3364948282141222,0.7105115486158442
2000-12-27,60,0.01038544039891498,0.9432989737469134,0.9563951214985928,1,3.1292834226556323,0.8014579483595861
2000-12-28,60,0.0039802691537973445,0.9335894735980975,0.8821740242324708,1,3.488099890191699,0.6228227604101849
2000-12-29,60,-0.010503016121381492,0.8622349951800948,0.9256616270258018,1,3.02028920862438,0.16806963317244356
