date,log_return,filtered_phase,low_state_mean_pct,high_state_mean_pct,low_state_sd_pct,high_state_sd_pct
2000-01-03,-0.009594974568010173,0,0.0673788872964563,-0.42769075011109625,0.941962374426986,1.9794794264788582
2000-01-04,-0.039099226875721094,1,0.06901207328565656,-0.4258261282925722,0.9470110566748594,1.9900889400983102
2000-01-05,0.001920379811527262,0,0.09224121054656435,-0.399305232051361,1.0469406520544715,2.2000852027097864
2000-01-06,0.0009552460841302235,0,0.09113272844356954,-0.40057079514604543,1.0468957529974605,2.1999908499394056
2000-01-07,0.026729935262678417,0,0.0833685828968719,-0.409435183699647,1.0263352656000526,2.156784175334908
2000-01-10,0.01112782129832901,0,0.06236078696690971,-0.4334199563520815,1.03440456162252,2.173741334024349
2000-01-11,-0.013148634269231074,0,0.05675175645630656,-0.4398238324200849,1.038966537752873,2.183328062899391
2000-01-12,-0.00439597894777588,0,0.0500353677667592,-0.4474919883894802,0.9917013511308087,2.0840030080488985
2000-01-13,0.01209620811521539,0,0.054320720551100064,-0.44259936602154776,0.9941179291339349,2.08908130689558
2000-01-14,0.010614783884359547,0,0.05152213424105052,-0.4457945349302012,0.9998948734511326,2.1012212211153636
2000-01-18,-0.00685551038023835,0,0.056534824158085785,-0.4400715058014878,0.977734151719725,2.054651746649964
2000-01-19,0.0005221501712568966,0,0.05755768806377762,-0.43890369370381754,0.9802599727346631,2.0599596133650007
2000-01-20,-0.007120558645266506,0,0.06345100504361934,-0.4321752454457764,0.9704073857910832,2.0392549719887727
2000-01-21,-0.002916595126569277,0,0.06386340560334275,-0.4317044043494672,0.9715276000419604,2.0416090374196867
2000-01-24,-0.028022615294881703,1,0.06115038429184294,-0.43480188299855893,0.9646556813407958,2.0271680978888846
2000-01-25,0.006046483729051921,0,0.07847912189286559,-0.4150175213691964,1.018268609692505,2.139832564694209
2000-01-26,-0.004221574646237514,0,0.09103075001920947,-0.4006872247482694,0.941666750379497,1.9788581896483182
2000-01-27,-0.003946270263199381,0,0.09952782289605251,-0.39098604705967727,0.9281280496110386,1.9504073933532753
2000-01-28,-0.027840795963129494,1,0.09841412706780589,-0.39225756270717843,0.9259934690507934,1.945921695816007
2000-01-31,0.02490490367092768,1,0.10855564605920685,-0.3806789074227287,0.980814185310514,2.0611242590255667
2000-02-01,0.010571692114229592,0,0.09996438287198134,-0.3904876229600376,1.0201963885142464,2.143883680343876
2000-02-02,-0.0001135395970566222,0,0.09781593829360098,-0.39294051972943705,1.0251470296729102,2.154287166287161
2000-02-03,0.011185364792413388,0,0.10030245988796012,-0.3901016376622797,1.0234865656658991,2.1507977972534067
2000-02-04,-0.000421150167315254,0,0.09756091537105686,-0.39323168148856563,1.0297293745073355,2.1639166988152456
2000-02-07,-9.1272585639679e-05,0,0.09399275910360401,-0.39730547471982763,1.0242086076725707,2.1523151267519753
2000-02-08,0.012198507136646164,0,0.09665330012438467,-0.394267913248427,1.0223667558222964,2.1484445816609807
2000-02-09,-0.0210421933431002,0,0.09384981018014509,-0.3974686806763926,1.0294349382897119,2.1632979581404377
2000-02-10,0.0036273298319899894,0,0.1076925621477503,-0.3816642973924939,1.0529779700315625,2.2127722771102176
2000-02-11,-0.021192326485726554,0,0.1055762381372056,-0.38408052184655045,1.0535940937063553,2.2140670253629398
2000-02-14,0.002030925489038715,0,0.12287852295031271,-0.364326361581781,1.0607418481911954,2.2290876178328567
2000-02-15,0.008674870571246274,0,0.1190865630081969,-0.3686556733012018,1.0585547618847455,2.224491582508001
2000-02-16,-0.0103093696588612,0,0.11968392317197353,-0.3679736623102549,1.0568717673258488,2.220954866823111
2000-02-17,0.0004250827714562533,0,0.12330042121144152,-0.36384467688199773,1.063057040221957,2.23395285992496
2000-02-18,-0.03084707065542691,1,0.12278681591503955,-0.3644310642549689,1.0630925659349206,2.2340275151551814
2000-02-22,0.004506615589443541,0,0.13125755612787626,-0.354759950784519,1.11290932556267,2.3387145530392157
2000-02-23,0.006281214667972712,0,0.1331486117439116,-0.35260091710126484,1.10900110693506,2.3305016577287834
2000-02-24,-0.005349813063087794,0,0.13025072652951658,-0.35590945638219845,1.1119975911712443,2.336798595969977
2000-02-25,-0.014940038714278181,0,0.12986713015863408,-0.35634741150022164,1.1114496988314835,2.335647231919856
2000-02-28,0.010957031538572082,0,0.13048558241617572,-0.35564131949309374,1.1137870746421132,2.340559091941765
2000-02-29,0.013535077157034614,0,0.12845274358751338,-0.3579622282313097,1.1190255710831525,2.3515674891052165
2000-03-01,0.009302189373569192,0,0.1260536780762892,-0.3607012609721477,1.1265478655505234,2.3673751556769678
2000-03-02,0.0018616785832916705,0,0.12946165863286482,-0.35681034166172143,1.1135679296148067,2.340098571346946
2000-03-03,0.01964282967966202,0,0.12558284302058084,-0.36123881721106055,1.1114156349063737,2.335575648552228
2000-03-06,-0.012776691866462464,0,0.11257978168727255,-0.37608451882130195,1.1296488704085381,2.3738917379572153
2000-03-07,-0.025965272460889643,0,0.11653479003668264,-0.3715690534000205,1.1385058229150509,2.3925041111728733
2000-03-08,0.008140160732057033,0,0.1292451062969873,-0.3570575812370054,1.1762439399283908,2.4718085804914067
2000-03-09,0.025279576478616228,0,0.12844742681147647,-0.3579682984380518,1.1778926261075766,2.4752731991014696
2000-03-10,-0.004734058241369965,0,0.11679391970800908,-0.37127320293217586,1.2152595880746917,2.5537977075659586
2000-03-13,-0.008241340204650172,0,0.11511947843076344,-0.3731849262509134,1.2124743611138222,2.5479447142651708
2000-03-14,-0.017843748667171866,0,0.12189665551388204,-0.3654473676747634,1.2129795359897824,2.5490063100368126
2000-03-15,0.023989810373332254,0,0.13141587438613708,-0.3545791975325464,1.2285907416729211,2.5818123554917607
2000-03-16,0.046538626308898934,1,0.12158710010559612,-0.3658007896194463,1.2611778593187968,2.6502922976842473
2000-03-17,0.00410546123246025,0,0.10026286519074917,-0.3901468432523382,1.3724607185444713,2.884146787351064
2000-03-20,-0.005367853770868791,0,0.10318178001399339,-0.3868142942947638,1.3678253755467977,2.8744058822494676
2000-03-21,0.025244519701191237,0,0.10636208806309101,-0.38318331055060423,1.3692945037064719,2.877493170071027
2000-03-22,0.004521615579435867,0,0.10202013176506129,-0.38814055761365857,1.3887900163733033,2.91846186190028
2000-03-23,0.01764252379054998,0,0.09966341416444151,-0.3908312413981595,1.3895206875019737,2.9199973249994353
2000-03-24,7.20175723190053e-05,0,0.09209250702568338,-0.39947500807892883,1.4035996222976281,2.9495833918438654
2000-03-27,-0.002359635613678357,0,0.09380296070978665,-0.39752216910036536,1.4031176945910047,2.948570648653469
2000-03-28,-0.01064138106524215,0,0.0951407426673062,-0.3959948124839642,1.403567651101595,2.9495162062253044
2000-03-29,0.0005238292701630343,0,0.10123845329642826,-0.38903300632269827,1.4092629905590583,2.961484632554137
2000-03-30,-0.013749866207868777,0,0.09679950821713618,-0.39410098627159035,1.4043232333576559,2.951104018617275
2000-03-31,0.007138821544879548,0,0.08567918000450055,-0.4067971560596886,1.3358049090007342,2.80711672455594
2000-04-03,0.00491921579095056,0,0.08338993943572415,-0.4094108007643442,1.3376437172995357,2.8109808737996187
2000-04-04,-0.007491620335110305,0,0.08165101415305658,-0.411396146000151,1.3383668764577523,2.812500550927519
2000-04-05,-0.004936128864951428,0,0.09666342157353179,-0.3942563575070481,1.3076652865838592,2.7479829362483423
2000-04-06,0.009348582996253185,0,0.10371040001798797,-0.38621076450717406,1.3032732628700672,2.7387533525429975
2000-04-07,0.009948088629283092,0,0.09384125802497398,-0.39747844474198774,1.2975701766521157,2.7267686468452386
2000-04-10,-0.007872101457462755,0,0.08754876246853141,-0.40466263844992806,1.300489826968707,2.732904123050136
2000-04-11,-0.00257566572235568,0,0.09630851618418629,-0.3946615558964915,1.29771542906618,2.7270738863888693
2000-04-12,-0.022522988905343766,0,0.10209493939307311,-0.3880551491321351,1.2928534892392198,2.716856801161765
2000-04-13,-0.0183381576485111,0,0.10896799255391854,-0.3802081280528862,1.3172687722902734,2.768164105788044
2000-04-14,-0.060045133935631156,1,0.11724168497146098,-0.37076198566400764,1.3344599054548365,2.804290277428192
2000-04-17,0.032548195815906844,1,0.14045878521531746,-0.3442548321837386,1.5017412144205748,3.1558222690680546
2000-04-18,0.02826026515219482,1,0.12490099184765321,-0.3620172922790776,1.5509613946244718,3.259255629811858
2000-04-19,-0.009856898019463323,0,0.10021066093458368,-0.3902064452791189,1.551543109665523,3.2604780703117076
2000-04-20,0.004940593765386581,0,0.10718720077918056,-0.3822412726055472,1.5546655292998366,3.267039654505256
2000-04-24,-0.003267702949568907,0,0.10316791519593849,-0.3868301238710803,1.554728256166701,3.2671714713865
2000-04-25,0.03273432295529588,0,0.1028702393949268,-0.3871699827708525,1.5544926242059267,3.2666763044549567
2000-04-26,-0.01119657221831627,0,0.07629697734234209,-0.41750889367277105,1.5628053804052686,3.284145080619124
2000-04-27,0.0026863453512833146,0,0.09213407343755328,-0.3994275513660971,1.544554706085361,3.2457923445476857
2000-04-28,-0.008562617657917215,0,0.09559323934013207,-0.39547819332696676,1.540441170549522,3.237147987634559
2000-05-01,0.010833199608955013,0,0.09929970446018153,-0.39124649174604204,1.5441008766682882,3.244838648286969
2000-05-02,-0.015069558541687122,0,0.09945419326470933,-0.3910701106127571,1.5437749865440964,3.24415380904748
2000-05-03,-0.021801456902616145,0,0.1058801978906294,-0.3837334885068481,1.554218551076401,3.2661003556315475
2000-05-04,-0.003915506636260169,0,0.11540408207551789,-0.37285999193899194,1.5750100170358625,3.3097924183194296
2000-05-05,0.016227222585557755,0,0.12247302256382375,-0.36478932469380076,1.568900715346581,3.296954074312916
2000-05-08,-0.005922728038695979,0,0.10612357127586665,-0.3834556271198645,1.5613170514997958,3.281017443541253
2000-05-09,-0.008482903589146495,0,0.11031301728845871,-0.37867250229864713,1.5624090175295529,3.2833121469699673
2000-05-10,-0.02081507897858703,0,0.10473761221789248,-0.3850379879263916,1.545695918217404,3.2481905358108993
2000-05-11,0.0177441001293257,0,0.11475976115317221,-0.3735956184125729,1.5646710022445607,3.288065576966671
2000-05-12,0.009297394079674781,0,0.11078124624531974,-0.37813792146413033,1.5750530026101142,3.309882750016508
2000-05-15,0.021857120028318633,0,0.1021800964641882,-0.387957924606666,1.5738038492056206,3.3072577264148864
2000-05-16,0.009375068665455899,0,0.09277823060711383,-0.39869211185041187,1.593250898215336,3.3481245746728914
2000-05-17,-0.012519725344927402,0,0.07513347038916435,-0.41883727908952445,1.5521344793249945,3.261720799433537
2000-05-18,-0.007341428670045502,0,0.08260263310026002,-0.41030967485503334,1.5600009303258933,3.2782516910470747
2000-05-19,-0.021279493308747455,0,0.08857865226016537,-0.4034868048407405,1.5618467771520992,3.282130631348834
2000-05-22,-0.0044378507621862795,0,0.09556672880281065,-0.3955084606245295,1.5812713541492271,3.322950255972651
2000-05-23,-0.01936209381243703,0,0.09095959971153704,-0.4007684576372105,1.571830624644318,3.3031111091730905
2000-05-24,0.01816913853535773,0,0.10426007815124941,-0.3855831924809489,1.5842951303521604,3.3293045467028133
2000-05-25,-0.01260909256456788,0,0.10222719518588912,-0.3879041516103944,1.590446762712526,3.342231846165293
2000-05-26,-0.0025366560200357213,0,0.11183929743589517,-0.37692993575514905,1.5939350175250036,3.349562211817971
2000-05-30,0.03173305074146704,0,0.11376877112238629,-0.3747270398462384,1.5940584426582556,3.3498215825939335
2000-05-31,-0.0013014194341360863,0,0.10846499923905448,-0.38078239963963084,1.620277055176116,3.404918479751314
2000-06-01,0.01966321224561618,0,0.10343099473499966,-0.38652976380689613,1.6132406028514936,3.3901317823309824
2000-06-02,0.019446490728459054,0,0.08341456385021402,-0.4093826868686644,1.598253756355991,3.3586377915824768
2000-06-05,-0.006540165728379677,0,0.07845467148496763,-0.41504543660012533,1.6103193746743547,3.383992990343442
2000-06-06,-0.006692966631606012,0,0.09241344471083407,-0.3991085908955365,1.5877579271891245,3.3365814138929877
2000-06-07,0.009231254956962864,0,0.09327278410496469,-0.3981274760718672,1.5888418239377298,3.338859160194263
2000-06-08,-0.006607525497478228,0,0.08560785734529079,-0.4068785857237912,1.5882672765600674,3.337651782124293
2000-06-09,-0.003234408120834864,0,0.080678719638245,-0.4125062226101254,1.5753789463035845,3.3105677018287376
2000-06-12,-0.007544085797738909,0,0.0926215157092945,-0.3988710345326379,1.5531521259245662,3.263859324879953
2000-06-13,0.016080252092327108,0,0.11634667064063775,-0.3717838308550516,1.4594692915298477,3.0669902690311135
2000-06-14,0.0007483044451523924,0,0.11109353600011543,-0.3777813776936448,1.4707340675416483,3.0906625440227944
2000-06-15,0.005553931008342339,0,0.10841048266185838,-0.38084464166226845,1.4693666260840412,3.0877889449218805
2000-06-16,-0.009697037445888235,0,0.11704840500765469,-0.3709826549815134,1.4410236974529422,3.0282279203686993
2000-06-19,0.01460137245906079,0,0.12328588335888224,-0.3638612748673195,1.4441054291570106,3.034704001231103
2000-06-20,-0.006786096029822275,0,0.12461998410381117,-0.3623381211214795,1.439357482909194,3.0247264669147262
2000-06-21,0.002152226828039616,0,0.12762852049944773,-0.3589032504807665,1.4411978287177072,3.028593847146102
2000-06-22,-0.018388201432298246,0,0.1256492441042921,-0.3611630065500089,1.4413810439727426,3.0289788634034447
2000-06-23,-0.007395512097768453,0,0.12904764086130555,-0.3572830291420274,1.4515424485325295,3.0503324671314735
2000-06-26,0.009548572785259779,0,0.13252171961197734,-0.3533166449821035,1.453576760498054,3.0546074560186307
2000-06-27,-0.0032761414916500087,0,0.1223010954376475,-0.3649856153017194,1.4502228139991125,3.047559331515564
2000-06-28,0.002939386773042507,0,0.12686996045977625,-0.35976930469013707,1.4478895803029614,3.0426561759075623
2000-06-29,-0.008580721637060584,0,0.12773847737318142,-0.3587777118175546,1.447054769577261,3.040901869470925
2000-06-30,0.008429488744993385,0,0.12821624736877169,-0.35823223790098624,1.4478170976741345,3.0425038578570383
2000-07-03,0.010218477910975743,0,0.12235298097185389,-0.36492637716240967,1.450612769383009,3.04837880019141
2000-07-05,-0.01598925608691104,0,0.12197137304536736,-0.365362062057182,1.4514399540100755,3.050117080823026
2000-07-06,0.007192838203922136,0,0.1333496397396487,-0.3523714017922527,1.4573751222441018,3.0625894934489466
2000-07-07,0.015145559424296628,0,0.12674091000743865,-0.3599166426484042,1.4578303438165594,3.0635461152436525
2000-07-10,-0.00222032773343539,0,0.11896691355273906,-0.3687922780643436,1.4688221883563135,3.0866448405390585
2000-07-11,0.0035582652121410874,0,0.11006048554535044,-0.3789608198578127,1.4455235287565824,3.0376840554861975
2000-07-12,0.008097428062970202,0,0.10045490171688304,-0.389927593577806,1.429642530129485,3.004311055770151
2000-07-13,0.0019539882286059296,0,0.07056193263560326,-0.42405664118047093,1.2423766275702919,2.610782597032705
2000-07-14,0.009408483745136031,0,0.08398308491767056,-0.4087336017101581,1.1879111911494438,2.4963266338475023
2000-07-17,0.000337695792274495,0,0.0922530369447138,-0.39929172975574373,1.1486256782914714,2.4137704016961568
2000-07-18,-0.011151059383673001,0,0.08778084410851344,-0.4043976689409739,1.141827114521041,2.399483613307864
2000-07-19,-0.007917506158269028,0,0.09483997537600805,-0.3963382009635137,1.149301465761441,2.4151905299622043
2000-07-20,0.00914186912404169,0,0.09687976401140688,-0.3940093575740325,1.1527223627520542,2.4223793470496613
2000-07-21,-0.010336947165775712,0,0.10722936743464886,-0.38219313058968346,1.0940747914067286,2.2991348693053726
2000-07-24,-0.010799974560513625,0,0.10685226471993706,-0.38262367184727814,1.0929014224432243,2.2966691023214865
2000-07-25,0.006928119832164903,0,0.11276848113915341,-0.37586907911177264,1.0998626361252215,2.3112976900877644
2000-07-26,-0.015067472411811167,0,0.10597296122831193,-0.38362757984454887,1.0980626005572027,2.3075150194943763
2000-07-27,-0.0019296776535497884,0,0.1173351402423182,-0.3706552870159364,1.1049440125093695,2.3219759085428646
2000-07-28,-0.020722049297008382,0,0.11157090065988443,-0.37723636655230297,1.0912304493285867,2.2931576490061283
2000-07-31,0.007675291650055982,0,0.11109738312203203,-0.37777698540304744,1.0883606391799054,2.287126909030266
2000-08-01,0.0050681024362555505,0,0.10601269941425903,-0.38358221043222507,1.0908585585365946,2.292376142024925
2000-08-02,0.00041713015065347747,0,0.11090801335335372,-0.3779931904187538,1.0761670199131095,2.2615027236825
2000-08-03,0.009587588919424128,0,0.10812682668711403,-0.38116849401157865,1.073866293238426,2.2566678796992066
2000-08-04,0.007113757023062384,0,0.10019961265231905,-0.3902190591934582,1.0743983103350587,2.25778588284446
2000-08-07,0.011141248729387598,0,0.08794771300859014,-0.40420715335121643,1.0473588437413843,2.2009640083426247
2000-08-08,0.0023496695617160057,0,0.09084427026968468,-0.400900130205441,1.0356683185602151,2.1763970461060125
2000-08-09,-0.006719313970043217,0,0.0938921174317103,-0.3974203781408139,1.0310464620061308,2.1666844819852726
2000-08-10,-0.008605224386115218,0,0.10642810717016182,-0.38310793599541104,1.003944459465648,2.1097311918096446
2000-08-11,0.007905664808428803,0,0.11431575225568115,-0.3741025470069616,1.0032110974994946,2.108190074071215
2000-08-14,0.013309233375264462,0,0.10535548515653854,-0.38433255733239097,0.996513372203122,2.0941151919014875
2000-08-15,-0.004791691935959186,0,0.09629639515576813,-0.39467539457389933,1.0036374504560504,2.1090860301399847
2000-08-16,-0.003090128897738964,0,0.08906348048101377,-0.40293327249059296,0.9723425111420146,2.0433215259444517
2000-08-17,0.010900938613173317,0,0.08847225809602455,-0.40360827592923415,0.9714622361640423,2.041471679012295
2000-08-18,-0.0029118532919625295,0,0.07519638665721506,-0.4187654470710507,0.948318899089129,1.992837295258141
2000-08-21,0.0051885647292309045,0,0.08444425492653153,-0.4082070801343809,0.9288219336670732,1.9518655505478424
2000-08-22,-0.0009007176325610544,0,0.07663672900442633,-0.41712099641784034,0.915893686723346,1.9246975876436831
2000-08-23,0.005219545154407257,0,0.07591907099155822,-0.41794035244825034,0.9151410004526481,1.9231158609973873
2000-08-24,0.0015526098902993724,0,0.0875500895430266,-0.4046611233181091,0.844224728044306,1.7740894178549234
2000-08-25,-0.0012339292255436618,0,0.08629807600185439,-0.40609055743118316,0.8438343163600094,1.7732689902901895
2000-08-28,0.005058708901477971,0,0.09546529228434951,-0.39562427152835083,0.8150925169566687,1.712869761888413
2000-08-29,-0.002810913479051713,0,0.10177696452982468,-0.38841818363749825,0.7864544206007478,1.6526884594403726
2000-08-30,-0.004813399148074993,0,0.10014100575580996,-0.3902859711671522,0.7831482202920658,1.6457406707934692
2000-08-31,0.00999256726248099,0,0.09931647185183783,-0.3912273482776748,0.7811087765493417,1.6414548977734593
2000-09-01,0.0020339324756024624,0,0.09898249724708905,-0.3916086498189355,0.7823140485713805,1.6439877071888969
2000-09-05,-0.009042781701856129,0,0.09519163837078526,-0.39593670444250184,0.7779833641694202,1.634887024498181
2000-09-06,-0.009888955769277175,0,0.09773967188724673,-0.3930275937101404,0.784806561952821,1.6492255798393687
2000-09-07,0.006851994912499215,0,0.09876832598393676,-0.39185317090398974,0.788559878001462,1.6571129563429976
2000-09-08,-0.005345340237265184,0,0.10281660357227215,-0.38723121922881726,0.7708278680058824,1.6198501633384264
2000-09-11,-0.00351235044841669,0,0.10548978061083951,-0.38417923111242946,0.7736375488440792,1.625754545047479
2000-09-12,-0.004893573080636315,0,0.10946700223738534,-0.3796384046107309,0.7723186765404673,1.622983011213401
2000-09-13,0.0019683851446323786,0,0.10735980509741791,-0.3820442088419066,0.7659893836852062,1.6096823685006065
2000-09-14,-0.0027244114525553087,0,0.11290167919370095,-0.37571700580209655,0.7473935173774333,1.5706042314400046
2000-09-15,-0.010221762205412155,0,0.11111988807923352,-0.37775129130911056,0.7438553557185864,1.5631689894373668
2000-09-18,-0.01463782698861582,0,0.11654814408752186,-0.37155380697081697,0.7528197127747394,1.5820070670995028
2000-09-19,0.010597776512945245,0,0.11490291937039836,-0.37343217350359986,0.7416319700076829,1.5584966730143912
2000-09-20,-0.005880672612838644,0,0.1070095733567623,-0.3824440712883667,0.7466932033772359,1.569132562089826
2000-09-21,-0.001579098311505156,0,0.11377811774525037,-0.3747163687303721,0.7417574910025275,1.558760448122221
2000-09-22,-0.00022776134850310825,0,0.11303365411157151,-0.37556632895758124,0.7410116836738704,1.5571931771745973
2000-09-25,-0.0067111324520521265,0,0.11442302747964564,-0.3739800700052522,0.7401979409898202,1.5554831440084584
2000-09-26,-0.008247785953379605,0,0.11360287088348917,-0.3749164495075945,0.7375861431337692,1.5499946019365745
2000-09-27,-0.0004485279248784835,0,0.12091890424496898,-0.36656367430558234,0.7367595935282715,1.5482576557660412
2000-09-28,0.021991554793635792,0,0.1255983361050092,-0.3612211286296912,0.7262694838115418,1.5262132971700793
2000-09-29,-0.015047955636871002,1,0.10893680809616467,-0.38024373160368274,0.7485349898121741,1.5730029697142764
2000-10-02,-0.00019493584583862855,0,0.1186934615463181,-0.3691044804594556,0.7640520551403822,1.6056111846604428
2000-10-03,-0.006825774312250843,0,0.125423072781233,-0.3614212282017309,0.7423531359975649,1.5600121616143643
2000-10-04,0.005495018685719444,0,0.12744340292656625,-0.3591146007297091,0.745716938569711,1.5670809980849827
2000-10-05,0.001365568386107796,0,0.12659378251304368,-0.36008461931362645,0.747507055321603,1.5708428248601987
2000-10-06,-0.019183302031864358,0,0.12954693348473878,-0.3567129826649954,0.7409639131000908,1.5570927900778777
2000-10-09,-0.004951949272960832,0,0.1388194989076714,-0.34612641878578965,0.7706022854113355,1.6193761145685388
2000-10-10,-0.01076362554691368,0,0.14511917370141586,-0.3389340284838287,0.7620797216536896,1.601466439960382
2000-10-11,-0.016303543621838834,1,0.14998913229734473,-0.3333739568732924,0.7697347739535463,1.6175530894355306
2000-10-12,-0.025840502200064286,1,0.15224943844824104,-0.3307933468304831,0.7808165265192706,1.6408407512452976
2000-10-13,0.032836397475617396,1,0.16011194832176592,-0.32181665491940764,0.8269639819037155,1.737816958573566
2000-10-16,0.000327416793585833,0,0.14971756656336216,-0.33368400569571427,0.9107569122298672,1.9139029532672436
2000-10-17,-0.018094959305504865,1,0.1450392936490674,-0.33902522819375686,0.9048745888470079,1.9015415910383657
2000-10-18,-0.005824465780565724,0,0.1482394778956607,-0.3353715516321443,0.9191801360780525,1.9316038708036278
2000-10-19,0.0341533584652165,1,0.15383381770688698,-0.328984448055926,0.9153750207036475,1.9236076410140939
2000-10-20,0.005865708980616446,0,0.13224148638843594,-0.35363658954833527,0.9905227422912908,2.0815262297687567
2000-10-23,-0.0008235728485956884,0,0.12882178444596223,-0.3575408912610314,0.9933544948561195,2.087476993934222
2000-10-24,0.0016822306761410388,0,0.12009266531995723,-0.36750699805258885,0.9648318976555837,2.0275384062782664
2000-10-25,-0.02405446359399832,0,0.12272171801684792,-0.3645053870584408,0.9605876810227248,2.0186194306011607
2000-10-26,-0.00033707783153147375,0,0.1354972864776841,-0.3499194159237088,0.9964627689711268,2.09400885213743
2000-10-27,0.01103501697134579,0,0.13582814453806602,-0.34954167256667396,0.996368391046542,2.0938105223897656
2000-10-30,0.013735530390521333,0,0.13519318276477135,-0.3502666136231386,0.9985747878179627,2.098447137539425
2000-10-31,0.021740140393392338,0,0.1322883247622097,-0.3535831137934243,1.008648334966644,2.1196161140015786
2000-11-01,-0.005739118123332609,0,0.127638773416981,-0.35889154464085454,1.0327933120810273,2.1703553863422584
2000-11-02,0.004983270768506465,0,0.1311871853504677,-0.3548402936773739,1.0339163957277269,2.172715481642465
2000-11-03,-0.0011418525168762628,0,0.12605346285016455,-0.36070150669757667,1.0335183269909058,2.1718789632249
2000-11-06,0.0038476653692409712,0,0.12277941007043736,-0.36443951956840004,1.0291654207024452,2.162731582525496
2000-11-07,-0.00022345900667719576,0,0.12455958457825791,-0.3624070797544337,1.0257832843303671,2.1556242186351415
2000-11-08,-0.01590234662253387,0,0.13049614380196534,-0.35562926147244733,1.01294754180037,2.1286506484039895
2000-11-09,-0.006506704050522671,0,0.1353701967767474,-0.35006451527604426,1.0271267984028003,2.1584475357205872
2000-11-10,-0.024700111868566133,0,0.1368689894902959,-0.34835333136091895,1.0288910512120706,2.1621550109169108
2000-11-13,-0.010834629254040884,0,0.15248655757254034,-0.33052262598443044,1.0552764972979622,2.217602499164264
2000-11-14,0.023181408240186663,0,0.1559621430205482,-0.32655452161581905,1.0606640876215065,2.2289242084950005
2000-11-15,0.004948148412974973,0,0.14806899226451495,-0.3355661964733818,1.096242182913903,2.303689517149123
2000-11-16,-0.012664308892126108,0,0.14550319540082576,-0.33849558776474253,1.0986504571367426,2.3087503660820006
2000-11-17,-0.0033576183716634844,0,0.15334853435474,-0.3295385000332044,1.1037790005559505,2.319527703332123
2000-11-20,-0.018522191007211752,0,0.15550256697857787,-0.3270792233465439,1.1033631763364915,2.3186538727951533
2000-11-21,0.0035167714695161223,0,0.16308662985720987,-0.3184204366498242,1.1204941287067118,2.354653577978143
2000-11-22,-0.018721681317297012,0,0.16376305126883586,-0.3176481607847512,1.119329776226652,2.3522067586125077
2000-11-24,0.014571618836856537,0,0.1707428312638682,-0.3096792888048928,1.1359997640521096,2.387237773476789
2000-11-27,0.005351700412830951,0,0.16223895752816236,-0.31938823108974296,1.151960817361712,2.420779003476034
2000-11-28,-0.009593900168028746,0,0.16427482593665826,-0.31706386345542087,1.1466914152178669,2.409705659766388
2000-11-29,0.004361438120282557,0,0.16937575597955126,-0.31124008985239054,1.1490592050512172,2.414681433097243
2000-11-30,-0.020310234142105088,0,0.16349555545656394,-0.3179535629442262,1.1485919045363375,2.4136994281039432
2000-12-01,0.00021291318545291205,0,0.16806719090802746,-0.3127340893107845,1.1646146525138494,2.4473703058780525
2000-12-04,0.007378262393821444,0,0.1709796417900292,-0.30940892028786177,1.160191206763449,2.438074690580903
2000-12-05,0.03818328671402149,1,0.16539801631399606,-0.31578150780346853,1.1648480292920962,2.4478607336740015
2000-12-06,-0.018387614834435517,0,0.14710685795475195,-0.33666467309404713,1.2538934748224329,2.6349845851507343
2000-12-07,-0.005870124944838295,0,0.1530264618131466,-0.3299062128914911,1.2687548884013007,2.6662149858826716
2000-12-08,0.019415080038481136,0,0.1564650812732229,-0.32598031289402685,1.2690479282283977,2.6668307921235845
2000-12-11,0.00749797155870624,0,0.14675286742029509,-0.3370688269861722,1.2921512381408806,2.7153810611119242
2000-12-12,-0.006556733213653132,0,0.13897952520944348,-0.34594371544655256,1.2917572981317482,2.714553218976702
2000-12-13,-0.008194336210959996,0,0.13543448846188416,-0.34999111293261953,1.2835125794854303,2.6972274197934594
2000-12-14,-0.01411394369352692,0,0.14367826486464333,-0.34057912590281036,1.2790721670636167,2.6878961500180516
2000-12-15,-0.021696389831126872,0,0.14729005917695376,-0.3364555107583691,1.2867052492177293,2.703936630503146
2000-12-18,0.008038329510870135,0,0.15611516870846048,-0.326379810934756,1.3081078276556342,2.748912910704576
2000-12-19,-0.013042637538261737,0,0.15248897692413388,-0.33051986379090326,1.3128168332060792,2.7588086133985943
2000-12-20,-0.0317961377699838,0,0.15526649922779945,-0.32734874383083784,1.3182536199946457,2.770233706253992
2000-12-21,0.007969801202206916,0,0.16559675585629685,-0.31555460524048545,1.3617515470111887,2.8616420830228666
2000-12-22,0.02410969102695315,0,0.16190377976424494,-0.3197709062876796,1.366538384996339,2.8717013460749143
2000-12-26,0.007035082197664799,0,0.16097458985597887,-0.3208317700153642,1.3717776252957705,2.8827113064137366
2000-12-27,0.01038544039891498,0,0.15128714125047946,-0.3318920094217105,1.366620061204772,2.8718729839010266
2000-12-28,0.0039802691537973445,0,0.1466457123009894,-0.33719116686340916,1.3734221284960477,2.8861671347356554
2000-12-29,-0.010503016121381492,0,0.14190528702569416,-0.3426033492209905,1.3731882970340445,2.8856757514481006
