window,seed,train_log_likelihood_z,updates,converged
10,20262003,-3250.5692461553735,176,True
10,20262004,-3250.5690123530935,183,True
10,20262005,-3250.569713709112,186,True
10,20262006,-3250.5697801515284,181,True
20,20263003,-3207.5143352543855,250,False
20,20263004,-3207.5045027373812,250,False
20,20263005,-3207.5265338463505,250,False
20,20263006,-3207.5296530160504,250,False
60,20267003,-3193.7562361143137,225,True
60,20267004,-3193.7561328457405,222,True
60,20267005,-3193.755943189809,221,True
60,20267006,-3193.756520128083,223,True
