year,days,PIT_KS_distance,CDF_area_distance_pp
1990,253,0.07910533121699603,0.11837221374258622
1991,253,0.05058805038260866,0.07262223034801991
1992,254,0.10797912469685034,0.21101328205166206
1993,253,0.1149421901916996,0.24093124247715567
1994,252,0.0994525584253968,0.14988370493033362
1995,252,0.14992348602857147,0.22842683153137064
1996,254,0.05854057398110235,0.0744724501552088
1997,253,0.07283890312490121,0.11367148648798733
1998,252,0.07866420609206348,0.1997286267171031
1999,252,0.05084513355238096,0.11338953462642505
2000,252,0.07988589568730156,0.16759469551730935
2001,248,0.0660514749516129,0.11372428365301458
2002,252,0.0915275537047619,0.23344030975288294
2003,252,0.0494702613047619,0.08130402545709794
2004,252,0.06318576376031737,0.07751268063228901
2005,252,0.07401494655396826,0.11126481390043091
2006,251,0.10303303501354588,0.13216515742876786
2007,251,0.09376968932350599,0.12412338861072908
2008,253,0.09589349281778656,0.5741777645303953
2009,252,0.1051011626904762,0.20972057876989164
2010,252,0.10635917350000001,0.11941668157165407
2011,252,0.05028061718095239,0.1293319906350996
2012,250,0.07209007840000003,0.10654138836221283
2013,252,0.06342962996984128,0.10002519654064752
2014,252,0.06996889493650799,0.08175244261502307
2015,252,0.06447921396666656,0.10936316678823543
