period,observations,hmm_mean_nll,gaussian_mean_nll,ewma_mean_nll,coverage_50,width_50,coverage_90,width_90,coverage_95,width_95,downside_exceedance_0.01,downside_exceedance_0.05
combined,6553,-3.2461370214259864,-3.0278946061322376,-3.2526905703515214,0.5328857012055547,0.012421552019349708,0.8980619563558675,0.03366856050585814,0.9471997558370212,0.041650314524300444,0.015717991759499467,0.058599114909201895
1990,253,-3.170667884953093,-3.172565632631689,-3.19800557964552,0.45454545454545453,0.010629313179591196,0.8853754940711462,0.03189125848193773,0.9367588932806324,0.04050369192718084,0.019762845849802372,0.06719367588932806
1991,253,-3.3162308455381346,-3.2581267278495947,-3.239609228733864,0.5098814229249012,0.010229869525553725,0.9209486166007905,0.030219140182551243,0.9525691699604744,0.0380923430011796,0.007905138339920948,0.02766798418972332
1992,254,-3.612394607627473,-3.437717006010915,-3.6628444395732336,0.6259842519685039,0.01007431774562516,0.9803149606299213,0.02951294069134806,0.9960629921259843,0.03693107701273347,0.0,0.015748031496062992
1993,253,-3.7248990402832223,-3.500435950887143,-3.7933065454854384,0.6996047430830039,0.009567068429428338,0.9841897233201581,0.028239756961131925,0.9881422924901185,0.035372263719220164,0.003952569169960474,0.007905138339920948
1994,252,-3.6505521888198933,-3.4707663842837513,-3.6265881568753326,0.5992063492063492,0.008983985736169563,0.9444444444444444,0.027172393725688034,0.9841269841269841,0.03454204311781781,0.003968253968253968,0.03968253968253968
1995,252,-3.8036990078075457,-3.544712909154399,-3.871016488766848,0.6706349206349206,0.008575891123211563,0.9841269841269841,0.026709859829401807,0.996031746031746,0.03385771872822665,0.0,0.011904761904761904
1996,254,-3.503475566539881,-3.4032529003163527,-3.461307586966941,0.49606299212598426,0.008237017743849747,0.9133858267716536,0.02671714098655825,0.9606299212598425,0.034094277109616024,0.011811023622047244,0.047244094488188976
1997,253,-3.1005380450541673,-3.031640542540202,-3.0331754003489246,0.4782608695652174,0.012637829633064507,0.8695652173913043,0.034145853652744855,0.9446640316205533,0.042344962871201416,0.019762845849802372,0.06719367588932806
1998,252,-3.005309921482168,-2.6780590956581594,-3.0234312230307347,0.4246031746031746,0.011527968167695902,0.8293650793650794,0.03020737119342122,0.9007936507936508,0.037613878932477425,0.027777777777777776,0.09126984126984126
1999,252,-3.003014760095226,-2.9612102265360343,-3.054885750782289,0.45634920634920634,0.01336329739381434,0.8888888888888888,0.03866502625457161,0.9523809523809523,0.047980592932372466,0.007936507936507936,0.051587301587301584
2000,252,-2.809747993756952,-2.5617941298122937,-2.830442026303524,0.42063492063492064,0.014963167593582218,0.8293650793650794,0.04005098574496661,0.9007936507936508,0.049918950641023196,0.031746031746031744,0.1111111111111111
2001,248,-2.9298068301537104,-2.7017251773371207,-2.890007777290934,0.4838709677419355,0.015926641699179775,0.875,0.04074694533962517,0.9395161290322581,0.049487867050457705,0.016129032258064516,0.08064516129032258
2002,252,-2.737614483529053,-2.332491955188256,-2.7492001055927737,0.4365079365079365,0.017734940867272207,0.8531746031746031,0.046125101159622095,0.9285714285714286,0.05650180730717618,0.011904761904761904,0.07936507936507936
2003,252,-3.1454907567790173,-3.114472475991348,-3.173303316923728,0.49603174603174605,0.013549736120714612,0.8809523809523809,0.03507108778485065,0.9563492063492064,0.043093271951322926,0.003968253968253968,0.03968253968253968
2004,252,-3.5119698572533538,-3.3667959925974875,-3.5328297581926296,0.5357142857142857,0.009651605404040404,0.8888888888888888,0.024746210289916675,0.9523809523809523,0.03029046506309631,0.015873015873015872,0.06746031746031746
2005,252,-3.606717592768309,-3.3901171554014424,-3.619869581368889,0.5317460317460317,0.009245630637237687,0.9166666666666666,0.023304948066546115,0.9682539682539683,0.02832573618206831,0.007936507936507936,0.05952380952380952
2006,251,-3.6322729309792128,-3.3935246966430332,-3.6555676255144713,0.649402390438247,0.0099520109625754,0.9402390438247012,0.024699430890589166,0.9601593625498008,0.02974115424188042,0.01195219123505976,0.03187250996015936
2007,251,-3.241126454709813,-3.1632860260891706,-3.156778996855441,0.5856573705179283,0.012675177130864834,0.8924302788844621,0.03223751119963147,0.9322709163346613,0.03942077527345655,0.027888446215139442,0.07569721115537849
2008,253,-2.2554453325886064,-0.9611406440171432,-2.479417839298031,0.44664031620553357,0.019293372539793092,0.758893280632411,0.04945146782762249,0.8379446640316206,0.0601633802909155,0.06719367588932806,0.13043478260869565
2009,252,-2.731411899822083,-2.572705019439261,-2.7782970367604096,0.5357142857142857,0.020995774184030862,0.8809523809523809,0.056868944498569544,0.9285714285714286,0.07005195037414874,0.007936507936507936,0.05555555555555555
2010,252,-3.134025105318626,-3.0198638197102663,-3.1153835642691696,0.5912698412698413,0.014349637250448723,0.8809523809523809,0.037985947747709435,0.9325396825396826,0.046831802445487736,0.023809523809523808,0.06349206349206349
2011,252,-2.96020096366881,-2.797789345583157,-2.939918031216417,0.5198412698412699,0.01784568507727537,0.9087301587301587,0.048205145677494995,0.9603174603174603,0.05939521607287364,0.01984126984126984,0.05952380952380952
2012,250,-3.398339559001668,-3.19095261838897,-3.375142021780894,0.568,0.011194043806856992,0.904,0.029212789643410588,0.952,0.03588514898413496,0.012,0.056
2013,252,-3.55878386380926,-3.2714814958846907,-3.525932490400759,0.5595238095238095,0.00979991548944383,0.9166666666666666,0.025259602000190777,0.9523809523809523,0.031034696083111907,0.011904761904761904,0.051587301587301584
2014,252,-3.582557855912036,-3.2790122034441596,-3.5229247770237215,0.5873015873015873,0.009675035891123063,0.9246031746031746,0.02496772897560581,0.9523809523809523,0.030635463372081735,0.015873015873015872,0.05952380952380952
2015,252,-3.2686498490980864,-3.1463166993294895,-3.2543549313245643,0.49206349206349204,0.012369368655716124,0.8968253968253969,0.033069616183032474,0.9603174603174603,0.040884970963039315,0.01984126984126984,0.07539682539682539
