strategy,cost_bps,observations,sharpe,cagr,annual_volatility,max_drawdown,mean_turnover,mean_exposure
hmm_vol_target,1,6553,0.4894057257269,0.04391556068456093,0.09755720483596321,-0.352387872124138,0.02538118156761256,0.6681851358563731
hmm_vol_target,5,6553,0.46319180685489025,0.0412481828425999,0.09755325804830647,-0.35830517089871916,0.025380701583108727,0.6681851358563731
hmm_vol_target,10,6553,0.4304181975400073,0.03792353945609772,0.09754936986085422,-0.36562586936437713,0.025380106413347567,0.6681851358563731
ewma_vol_target,1,6553,0.5487921467453478,0.05142684601661429,0.10062416540692659,-0.3381087027692061,0.016417221631462118,0.7267606122901845
ewma_vol_target,5,6553,0.5323518606305443,0.04968831963798381,0.1006222086227488,-0.3413343277381172,0.01641704127068776,0.7267606122901845
ewma_vol_target,10,6553,0.5117992195427754,0.04751920148939348,0.10062013339370052,-0.34534428333861344,0.01641681970819779,0.7267606122901845
buy_and_hold,1,6553,0.4646962356769509,0.06981652617614675,0.18021735947409614,-0.5677538894035716,0.00015258660308240503,1.0
buy_and_hold,5,6553,0.4646132563953542,0.06980007503364183,0.18021586930224753,-0.567753889403571,0.00015252559894324164,1.0
buy_and_hold,10,6553,0.46450949580323675,0.06977952070769078,0.18021405785261937,-0.5677538894035722,0.0001524494123303829,1.0
fixed_60_percent,1,6553,0.46426699217758277,0.04534848762216481,0.10813022792399965,-0.3804169547602826,0.0019364688783669217,0.5999999999999999
fixed_60_percent,5,6553,0.462466967472565,0.04514445858284155,0.10812858357512663,-0.3807634308154908,0.0019364618382815306,0.5999999999999999
fixed_60_percent,10,6553,0.46021673994051565,0.04488947659412279,0.10812656071442928,-0.38119622158282374,0.0019364533518785873,0.5999999999999999
